id,job_id,recruiter_id,created_date,updated_date,created_by,updated_by
02421196-7e21-4d30-b0a8-8da0adfd755e,fba6e6ea-f6f8-4c80-88d3-bcefe674cfc6,2bbc25d1-3cbb-43b7-b8a5-4c769a087428,2023-07-10 11:30:53,2023-07-10 11:30:53,c8367fc3-d459-4b83-b48b-37521e6d4795,c8367fc3-d459-4b83-b48b-37521e6d4795
0854c6f3-1379-424d-a678-b051972952be,df17114b-a8a0-43fa-9221-3b3d6d842d3e,3e1d0318-bb7f-4034-8c34-c084b2c2a25d,2023-07-11 09:11:36,2023-07-11 09:11:36,c8367fc3-d459-4b83-b48b-37521e6d4795,c8367fc3-d459-4b83-b48b-37521e6d4795
08e03782-1dcd-4157-9f8a-ef8e42fdbf44,404c74b5-0e61-4425-8ffd-28e53e013210,61703f25-0098-4ed7-bc9f-e8f65e8953f8,2024-06-19 09:48:12,2024-06-19 09:48:12,c8367fc3-d459-4b83-b48b-37521e6d4795,c8367fc3-d459-4b83-b48b-37521e6d4795
093d956e-b9fa-486a-8d71-6bb0e52c1bf4,aaacbf19-c884-41f7-ade3-44f20e8180ce,3e1d0318-bb7f-4034-8c34-c084b2c2a25d,2023-07-10 11:25:54,2023-07-10 11:25:54,c8367fc3-d459-4b83-b48b-37521e6d4795,c8367fc3-d459-4b83-b48b-37521e6d4795
109b59f8-fd60-4477-8697-47e91fbe5945,4d81c8f1-7e84-4152-9ac7-996fbd28686c,89f1e714-f065-42a8-b5fd-6fa395263257,2024-04-19 12:04:24,2024-04-19 12:04:24,b91189e3-47b3-44b1-a685-0252e97c7d1c,b91189e3-47b3-44b1-a685-0252e97c7d1c
18d95111-78ad-4dff-b6ae-02653b6de3a2,134442a5-5f67-40a8-a2fd-25efea7a7e50,c179221f-1192-4f72-b733-e71006f45b42,2024-04-19 05:10:08,2024-04-19 05:10:08,b91189e3-47b3-44b1-a685-0252e97c7d1c,b91189e3-47b3-44b1-a685-0252e97c7d1c
1a6788e7-6de5-45bc-a6c4-23d348ef0e4c,01e0db0c-c0df-43a1-86e2-5fecf418829f,2bbc25d1-3cbb-43b7-b8a5-4c769a087428,2023-07-11 08:43:39,2023-07-11 08:43:39,c8367fc3-d459-4b83-b48b-37521e6d4795,c8367fc3-d459-4b83-b48b-37521e6d4795
25782c39-4a4f-4976-a87d-ab12cad0268b,41d3d739-d71b-4745-900e-8185535ae706,3e1d0318-bb7f-4034-8c34-c084b2c2a25d,2023-07-10 11:23:39,2023-07-10 11:23:39,c8367fc3-d459-4b83-b48b-37521e6d4795,c8367fc3-d459-4b83-b48b-37521e6d4795
29604551-8fdf-4234-857d-2074b2930d0b,05974e5e-6535-4746-b56e-0c175441028e,c179221f-1192-4f72-b733-e71006f45b42,2024-08-21 09:05:20,2024-08-21 09:05:20,b91189e3-47b3-44b1-a685-0252e97c7d1c,b91189e3-47b3-44b1-a685-0252e97c7d1c
29bedfaf-949d-456e-8c11-8363494b3bad,8967804a-0f7c-4c51-abdf-48b2158b5c0d,476dee15-d552-4120-b525-30cb64f97eee,2023-07-10 10:27:15,2023-07-10 10:27:15,c8367fc3-d459-4b83-b48b-37521e6d4795,c8367fc3-d459-4b83-b48b-37521e6d4795
2e30564d-1ab0-43ce-b36c-766148503e86,6df1fcf4-c878-4e2a-86f0-67d88b657b38,61703f25-0098-4ed7-bc9f-e8f65e8953f8,2024-06-14 05:17:37,2024-06-14 05:17:37,c8367fc3-d459-4b83-b48b-37521e6d4795,c8367fc3-d459-4b83-b48b-37521e6d4795
2ee10419-a0a9-4fb7-9d2f-c74fb429a9c7,a93ab54f-e822-487f-a666-64e521a7a40b,2ffcdefc-8dc1-4eda-84cd-19adfdfb2ae5,2023-08-03 05:15:27,2023-08-03 05:15:27,369ab9dc-0cf7-49b6-97dc-a938d2c93967,369ab9dc-0cf7-49b6-97dc-a938d2c93967
2ef8f61b-4b56-4073-a3ad-af03307765b3,efe59230-9593-4077-a3f2-a9c893f61b8f,3e1d0318-bb7f-4034-8c34-c084b2c2a25d,2023-07-11 09:20:08,2023-07-11 09:20:08,c8367fc3-d459-4b83-b48b-37521e6d4795,c8367fc3-d459-4b83-b48b-37521e6d4795
2fafe9c1-15cf-437f-b089-baad54105e19,5bbcb80a-3eea-4d31-9bb9-5517c41000be,21b511d3-7971-4aa6-b29b-1eb52f415a54,2025-04-17 11:26:46,2025-04-17 11:26:46,c0f385bf-790f-431d-8dc4-1bf83ba3a392,c0f385bf-790f-431d-8dc4-1bf83ba3a392
2fc31d4f-2457-42fa-9c39-dd9e74fcc1bf,d4d8a0fe-0557-4d2f-a386-b2e919571e4c,6ab2c03a-77b4-43d6-ae0f-c8d5eb3b2874,2024-06-11 05:51:55,2024-06-11 05:51:55,c8367fc3-d459-4b83-b48b-37521e6d4795,c8367fc3-d459-4b83-b48b-37521e6d4795
32d46d99-6078-4287-a956-2c65b3f6ca3b,5e6aecc3-a0ee-4beb-8b58-e94532f02ba9,8b2c732b-3dea-4cac-b06e-539d6df4b489,2023-10-23 06:51:37,2023-10-23 06:51:37,c8367fc3-d459-4b83-b48b-37521e6d4795,c8367fc3-d459-4b83-b48b-37521e6d4795
35d2ef95-1d62-49b9-ab0a-75300097c2e4,a9378388-3310-4ab4-a858-e83c65de8fe9,61703f25-0098-4ed7-bc9f-e8f65e8953f8,2024-03-08 03:54:30,2024-03-08 03:54:30,c8367fc3-d459-4b83-b48b-37521e6d4795,c8367fc3-d459-4b83-b48b-37521e6d4795
3af5113e-868a-4956-90de-565186bbfe65,6e109b5c-e627-4a02-84ec-557511b43412,8b2c732b-3dea-4cac-b06e-539d6df4b489,2024-04-30 10:24:59,2024-04-30 10:24:59,c8367fc3-d459-4b83-b48b-37521e6d4795,c8367fc3-d459-4b83-b48b-37521e6d4795
3b3ddc34-3999-4f66-858a-b50d76bdc6f3,8967804a-0f7c-4c51-abdf-48b2158b5c0d,2ffcdefc-8dc1-4eda-84cd-19adfdfb2ae5,2023-07-10 10:27:15,2023-07-10 10:27:15,c8367fc3-d459-4b83-b48b-37521e6d4795,c8367fc3-d459-4b83-b48b-37521e6d4795
3e63ead1-dc86-4547-b4a6-36ffb32494fc,c0244ac5-0367-4c21-a528-3e856c4e860e,e8a6d132-a196-4011-aec7-290cc0ff7e12,2025-04-10 12:28:54,2025-04-10 12:28:54,f0ff98fb-1811-4940-8054-c8b127ad6554,f0ff98fb-1811-4940-8054-c8b127ad6554
3fa33f1d-4acb-4982-a722-38112b124338,e9f44b72-dd08-4607-8812-c982d966726a,79444673-5259-46fe-8e48-0dbd8092e79f,2023-07-11 05:54:07,2023-07-11 05:54:07,c8367fc3-d459-4b83-b48b-37521e6d4795,c8367fc3-d459-4b83-b48b-37521e6d4795
42d3429d-7af7-4112-9596-ec0f5c5524d4,e9f44b72-dd08-4607-8812-c982d966726a,3e1d0318-bb7f-4034-8c34-c084b2c2a25d,2023-07-11 05:13:31,2023-07-11 05:13:31,c8367fc3-d459-4b83-b48b-37521e6d4795,c8367fc3-d459-4b83-b48b-37521e6d4795
5134ea97-f9a4-4531-9f7a-530a3daf08cc,c8ea1cc7-be75-4bb0-be72-b062dc421501,2ffcdefc-8dc1-4eda-84cd-19adfdfb2ae5,2023-07-11 09:32:20,2023-07-11 09:32:20,c8367fc3-d459-4b83-b48b-37521e6d4795,c8367fc3-d459-4b83-b48b-37521e6d4795
53ac8844-11b0-42e8-a869-e75ad3081bb6,efe59230-9593-4077-a3f2-a9c893f61b8f,2bbc25d1-3cbb-43b7-b8a5-4c769a087428,2023-07-11 09:20:08,2023-07-11 09:20:08,c8367fc3-d459-4b83-b48b-37521e6d4795,c8367fc3-d459-4b83-b48b-37521e6d4795
55aa1cc2-f5d7-4e4c-a311-4d02dbfc7a18,c8ea1cc7-be75-4bb0-be72-b062dc421501,79444673-5259-46fe-8e48-0dbd8092e79f,2023-07-11 09:31:29,2023-07-11 09:31:29,c8367fc3-d459-4b83-b48b-37521e6d4795,c8367fc3-d459-4b83-b48b-37521e6d4795
5d06ed16-34f5-4540-9750-e5c648b88ce2,c92ac6bb-ba2c-422c-b896-fffcbe4ece90,61703f25-0098-4ed7-bc9f-e8f65e8953f8,2024-02-23 03:54:11,2024-02-23 03:54:11,c8367fc3-d459-4b83-b48b-37521e6d4795,c8367fc3-d459-4b83-b48b-37521e6d4795
5d3199d8-84cc-4278-8296-36f410148434,da98f9b6-ea82-46f9-9e0c-83f448a2818e,61703f25-0098-4ed7-bc9f-e8f65e8953f8,2024-07-04 03:53:46,2024-07-04 03:53:46,b91189e3-47b3-44b1-a685-0252e97c7d1c,b91189e3-47b3-44b1-a685-0252e97c7d1c
5ebb6ef8-581a-44f5-9c9d-3b8eb1c04533,ea339921-5249-4a0d-acfb-d28495001ccd,c179221f-1192-4f72-b733-e71006f45b42,2024-07-04 07:06:50,2024-07-04 07:06:50,c8367fc3-d459-4b83-b48b-37521e6d4795,c8367fc3-d459-4b83-b48b-37521e6d4795
62b8fc62-671d-4747-b2fd-60fc9f56916d,a9378388-3310-4ab4-a858-e83c65de8fe9,56f821eb-cacf-4bd5-b5a1-0745f9603790,2024-03-08 03:54:30,2024-03-08 03:54:30,c8367fc3-d459-4b83-b48b-37521e6d4795,c8367fc3-d459-4b83-b48b-37521e6d4795
6348bcaf-8665-4e20-810c-ed4b5abb7a50,0d7a612b-9910-4784-98bf-d0e7d38d85b3,61703f25-0098-4ed7-bc9f-e8f65e8953f8,2024-04-24 08:42:16,2024-04-24 08:42:16,b91189e3-47b3-44b1-a685-0252e97c7d1c,b91189e3-47b3-44b1-a685-0252e97c7d1c
66c43acb-34e5-49f4-90b6-245f743aac81,e732fd82-89c9-4daa-bbad-37f395e5e732,21b511d3-7971-4aa6-b29b-1eb52f415a54,2025-04-17 09:46:28,2025-04-17 09:46:28,c0f385bf-790f-431d-8dc4-1bf83ba3a392,c0f385bf-790f-431d-8dc4-1bf83ba3a392
6b15cbcb-357f-41b2-8649-3190d0366b56,3c77e91a-4075-4f19-9e6e-f4e82c540c58,61703f25-0098-4ed7-bc9f-e8f65e8953f8,2024-06-18 09:51:44,2024-06-18 09:51:44,b91189e3-47b3-44b1-a685-0252e97c7d1c,b91189e3-47b3-44b1-a685-0252e97c7d1c
6b6b60f8-78f0-4b57-8761-0f8e66150fe7,fba6e6ea-f6f8-4c80-88d3-bcefe674cfc6,2ffcdefc-8dc1-4eda-84cd-19adfdfb2ae5,2023-07-10 11:37:09,2023-07-10 11:37:09,c8367fc3-d459-4b83-b48b-37521e6d4795,c8367fc3-d459-4b83-b48b-37521e6d4795
6ce3d836-ce85-4444-8966-16740e133f73,c43a2d4e-a72b-4b04-b7cc-e639b0c23ad1,2ffcdefc-8dc1-4eda-84cd-19adfdfb2ae5,2023-07-11 09:18:55,2023-07-11 09:18:55,c8367fc3-d459-4b83-b48b-37521e6d4795,c8367fc3-d459-4b83-b48b-37521e6d4795
6f76e1ff-a0a8-4732-b290-3b86b43a2bf0,1fa1cd17-6da5-434c-afa2-94c22fc7ae0f,c179221f-1192-4f72-b733-e71006f45b42,2024-06-29 06:05:28,2024-06-29 06:05:28,c8367fc3-d459-4b83-b48b-37521e6d4795,c8367fc3-d459-4b83-b48b-37521e6d4795
721638af-df9e-4fba-95f8-4b99c5b1db59,67bd3bbe-0a5f-4667-ac3e-0cca69863c8f,7bdfee58-6a46-4d4a-88f5-99f0e39274f3,2024-07-10 09:26:48,2024-07-10 09:26:48,c8367fc3-d459-4b83-b48b-37521e6d4795,c8367fc3-d459-4b83-b48b-37521e6d4795
75c90d34-4b73-4ea8-81b1-2097e651226e,6eb74e87-fec9-484f-8216-27b1090c9462,7bdfee58-6a46-4d4a-88f5-99f0e39274f3,2024-08-02 10:22:43,2024-08-02 10:22:43,c8367fc3-d459-4b83-b48b-37521e6d4795,c8367fc3-d459-4b83-b48b-37521e6d4795
78ef4a0b-d4c7-4cf6-b49c-8ae74f95c894,e9f44b72-dd08-4607-8812-c982d966726a,476dee15-d552-4120-b525-30cb64f97eee,2023-07-11 06:03:40,2023-07-11 06:03:40,c8367fc3-d459-4b83-b48b-37521e6d4795,c8367fc3-d459-4b83-b48b-37521e6d4795
7c5fd55b-d7ac-4720-921e-33d821474392,2ea1a183-ed28-41a2-9b92-43eae75e3f75,c179221f-1192-4f72-b733-e71006f45b42,2024-04-19 04:11:29,2024-04-19 04:11:29,b91189e3-47b3-44b1-a685-0252e97c7d1c,b91189e3-47b3-44b1-a685-0252e97c7d1c
7f013167-fbf7-4dc3-b1d0-067f1fbc03a5,153e3cc4-27c8-43ff-84aa-a823b773128e,3e1d0318-bb7f-4034-8c34-c084b2c2a25d,2023-07-10 11:38:32,2023-07-10 11:38:32,c8367fc3-d459-4b83-b48b-37521e6d4795,c8367fc3-d459-4b83-b48b-37521e6d4795
86423d68-3094-4936-96ed-04ec66d1b701,c92ac6bb-ba2c-422c-b896-fffcbe4ece90,29f0fa58-ec91-4e44-aace-34c2a75ab44e,2024-02-23 03:54:11,2024-02-23 03:54:11,c8367fc3-d459-4b83-b48b-37521e6d4795,c8367fc3-d459-4b83-b48b-37521e6d4795
868da0c2-da94-46fa-8ef6-b0a1e95882a0,a93ab54f-e822-487f-a666-64e521a7a40b,476dee15-d552-4120-b525-30cb64f97eee,2023-08-03 05:15:27,2023-08-03 05:15:27,369ab9dc-0cf7-49b6-97dc-a938d2c93967,369ab9dc-0cf7-49b6-97dc-a938d2c93967
87e7ecf9-5dec-4c75-8397-713755a64ed6,df17114b-a8a0-43fa-9221-3b3d6d842d3e,2ffcdefc-8dc1-4eda-84cd-19adfdfb2ae5,2023-07-11 09:11:36,2023-07-11 09:11:36,c8367fc3-d459-4b83-b48b-37521e6d4795,c8367fc3-d459-4b83-b48b-37521e6d4795
8d46441b-94f1-4d7a-b4ee-528d86e0e69b,e9f44b72-dd08-4607-8812-c982d966726a,e8a6d132-a196-4011-aec7-290cc0ff7e12,2023-07-11 06:30:46,2023-07-11 06:30:46,c8367fc3-d459-4b83-b48b-37521e6d4795,c8367fc3-d459-4b83-b48b-37521e6d4795
9d6e191b-ca03-4355-bdbe-1bed986aae9a,561d761a-3417-49bf-9ef9-fa50dbf01465,61703f25-0098-4ed7-bc9f-e8f65e8953f8,2024-04-24 04:01:22,2024-04-24 04:01:22,b91189e3-47b3-44b1-a685-0252e97c7d1c,b91189e3-47b3-44b1-a685-0252e97c7d1c
a07e0513-4851-4625-9ccd-7aa66cb7c74a,01e0db0c-c0df-43a1-86e2-5fecf418829f,2ffcdefc-8dc1-4eda-84cd-19adfdfb2ae5,2023-07-11 08:43:39,2023-07-11 08:43:39,c8367fc3-d459-4b83-b48b-37521e6d4795,c8367fc3-d459-4b83-b48b-37521e6d4795
a0ac1e3a-0dae-49fc-828f-71b35e61cd87,804a44e7-7b23-4eba-bdaa-619fe80ccbf5,21b511d3-7971-4aa6-b29b-1eb52f415a54,2024-02-22 10:31:30,2024-02-22 10:31:30,c8367fc3-d459-4b83-b48b-37521e6d4795,c8367fc3-d459-4b83-b48b-37521e6d4795
a1ca1938-7bae-4e60-a480-9fb9ddfa50f6,9f5625af-8059-4d74-aeaa-e8a1afe37f62,8b2c732b-3dea-4cac-b06e-539d6df4b489,2024-06-11 05:32:28,2024-06-11 05:32:28,c8367fc3-d459-4b83-b48b-37521e6d4795,c8367fc3-d459-4b83-b48b-37521e6d4795
a39c45a3-fbc6-4f61-b6ad-79eaa92fe6e1,856b8e69-8f45-4cf7-8e0e-8a89c1fe0885,61703f25-0098-4ed7-bc9f-e8f65e8953f8,2024-06-14 05:53:28,2024-06-14 05:53:28,c8367fc3-d459-4b83-b48b-37521e6d4795,c8367fc3-d459-4b83-b48b-37521e6d4795
a3b146ce-b520-409a-93bb-2c8ba36b9d8a,e9f44b72-dd08-4607-8812-c982d966726a,dae762a4-32c5-444e-a227-bc5cf114a668,2023-07-11 06:10:56,2023-07-11 06:10:56,c8367fc3-d459-4b83-b48b-37521e6d4795,c8367fc3-d459-4b83-b48b-37521e6d4795
a6b8968d-8eaa-4cb3-843f-d574366e7ddc,9f00d257-02d2-40f7-8258-224a8de70e8a,61703f25-0098-4ed7-bc9f-e8f65e8953f8,2023-11-07 10:52:47,2023-11-07 10:52:47,19430a8c-6324-4105-8fc5-b7973e8f5d7f,19430a8c-6324-4105-8fc5-b7973e8f5d7f
b031bb3c-7834-44e9-a00f-bc0f9754e690,04731993-ecea-4eb1-9114-a2d30f85f9a7,61703f25-0098-4ed7-bc9f-e8f65e8953f8,2024-04-24 07:10:02,2024-04-24 07:10:02,b91189e3-47b3-44b1-a685-0252e97c7d1c,b91189e3-47b3-44b1-a685-0252e97c7d1c
b1f6a570-bed2-44bf-b8c7-dadc99ff66f6,334d733d-613b-4a66-a549-36d00a441358,61703f25-0098-4ed7-bc9f-e8f65e8953f8,2024-04-24 05:55:35,2024-04-24 05:55:35,b91189e3-47b3-44b1-a685-0252e97c7d1c,b91189e3-47b3-44b1-a685-0252e97c7d1c
cd7fd974-c13d-43af-8608-cff51712b6ab,e896d0f4-3d6d-474f-9649-53922a74192d,21b511d3-7971-4aa6-b29b-1eb52f415a54,2025-04-18 05:09:51,2025-04-18 05:09:51,c0f385bf-790f-431d-8dc4-1bf83ba3a392,c0f385bf-790f-431d-8dc4-1bf83ba3a392
d1d43bb9-edd7-405d-9eb0-c4c41e75ef58,aaacbf19-c884-41f7-ade3-44f20e8180ce,2bbc25d1-3cbb-43b7-b8a5-4c769a087428,2023-07-10 11:25:54,2023-07-10 11:25:54,c8367fc3-d459-4b83-b48b-37521e6d4795,c8367fc3-d459-4b83-b48b-37521e6d4795
d200f0c3-1211-406a-b596-da1113e5c26a,1eaff26a-5fa6-4f94-bf8b-c49d7521aafb,61703f25-0098-4ed7-bc9f-e8f65e8953f8,2024-06-18 09:55:08,2024-06-18 09:55:08,b91189e3-47b3-44b1-a685-0252e97c7d1c,b91189e3-47b3-44b1-a685-0252e97c7d1c
d2023a4f-f2d3-4f77-9c38-0454f7289c94,153e3cc4-27c8-43ff-84aa-a823b773128e,476dee15-d552-4120-b525-30cb64f97eee,2023-07-10 11:39:35,2023-07-10 11:39:35,c8367fc3-d459-4b83-b48b-37521e6d4795,c8367fc3-d459-4b83-b48b-37521e6d4795
e6008829-bbd8-44f2-b844-ce170ed2fa52,f56a6228-5fa8-4e48-9755-5d651390cc0e,61703f25-0098-4ed7-bc9f-e8f65e8953f8,2024-02-22 10:28:12,2024-02-22 10:28:12,c8367fc3-d459-4b83-b48b-37521e6d4795,c8367fc3-d459-4b83-b48b-37521e6d4795
eada29f6-0cc0-46f5-adb4-01de23247c04,630cf651-bb81-4e17-b586-71370333468b,c179221f-1192-4f72-b733-e71006f45b42,2024-06-19 04:32:57,2024-06-19 04:32:57,c8367fc3-d459-4b83-b48b-37521e6d4795,c8367fc3-d459-4b83-b48b-37521e6d4795
ecd086f9-c88c-4da7-9591-f948cfc22fd5,c43a2d4e-a72b-4b04-b7cc-e639b0c23ad1,2bbc25d1-3cbb-43b7-b8a5-4c769a087428,2023-07-11 09:18:55,2023-07-11 09:18:55,c8367fc3-d459-4b83-b48b-37521e6d4795,c8367fc3-d459-4b83-b48b-37521e6d4795
f1ff5ef8-ad51-49e5-9b7b-7806a69927b7,404c74b5-0e61-4425-8ffd-28e53e013210,c179221f-1192-4f72-b733-e71006f45b42,2024-06-19 09:47:19,2024-06-19 09:47:19,c8367fc3-d459-4b83-b48b-37521e6d4795,c8367fc3-d459-4b83-b48b-37521e6d4795
f7d7f904-1aa6-4c29-9941-d1720aa99122,e9f44b72-dd08-4607-8812-c982d966726a,2ffcdefc-8dc1-4eda-84cd-19adfdfb2ae5,2023-07-11 05:54:07,2023-07-11 05:54:07,c8367fc3-d459-4b83-b48b-37521e6d4795,c8367fc3-d459-4b83-b48b-37521e6d4795
fc490778-0933-4274-a432-e77eb9cf6b41,a9378388-3310-4ab4-a858-e83c65de8fe9,c179221f-1192-4f72-b733-e71006f45b42,2024-03-08 03:54:30,2024-03-08 03:54:30,c8367fc3-d459-4b83-b48b-37521e6d4795,c8367fc3-d459-4b83-b48b-37521e6d4795
fe399c59-da9f-49a1-bf37-2e87a66bec57,9bfa3d07-0edd-45fb-9339-7f4b9ce9e50a,8b2c732b-3dea-4cac-b06e-539d6df4b489,2024-02-16 08:51:27,2024-02-16 08:51:27,c8367fc3-d459-4b83-b48b-37521e6d4795,c8367fc3-d459-4b83-b48b-37521e6d4795
