id,created_by,created_date,updated_by,updated_date,status,job_detail_id,user_id
016926f1-0790-4409-b276-f569631694f2,NULL,2025-04-16 03:28:24,NULL,2025-04-17 03:54:11,ACCEPTED_PENDING,acafdca6-623f-4a89-b94c-728b87fbea97,4416aada-c580-4350-aed1-803fa7e7f93c
05f35329-aa56-4b83-bfae-267bb4913482,NULL,2023-03-15 05:48:51,NULL,2023-03-15 05:48:51,PENDING,ba78b26d-67c8-4002-a6d7-d618ead42ba5,03
07367aae-d445-4701-ba0d-ddde171808e7,NULL,2023-03-21 05:16:25,NULL,2024-02-15 10:41:12,ACCEPTED_PENDING,56515048-7cab-4b45-a8b3-dfd627d5d2fb,9e11456c-f0f6-48c7-9cbf-6f4447379727
07bd02c1-8eed-432a-979d-78017c5e6550,NULL,2022-03-17 10:14:46,NULL,2022-03-17 10:14:46,PENDING,7404fd03-4c0a-4e9b-87f5-4698486b9164,69d1b462-6ccd-40a2-bcf0-92a293567815
096251c8-9f0c-40a2-bb4e-d2714c7aae46,NULL,2023-03-17 06:48:03,NULL,2023-03-17 06:48:03,PENDING,8c4070fc-b105-4b6b-84d8-1fc51bfd855b,03
0c177f82-a3f9-45a6-88a6-300a0b7f4258,NULL,2025-04-16 07:25:53,NULL,2025-04-17 03:38:48,ACCEPTED_PENDING,d2f640d4-7ba4-4242-95fa-67bdd8ba5a7f,8d250d37-5fe6-4b9c-b0cd-10fc41594c05
0ff552e0-807a-460c-aaf1-7dc5cab83a6b,NULL,2023-03-17 06:54:23,NULL,2023-03-17 06:54:23,PENDING,8c4070fc-b105-4b6b-84d8-1fc51bfd855b,c0f45f6f-019e-4730-935a-008177050ae9
15c5be83-8835-4046-879f-d0bd3ca4679b,NULL,2022-02-22 03:26:39,NULL,2023-07-31 04:49:05,ACCEPTED_PENDING,042c663c-8c37-4f36-aa37-b7ca2f4c0658,9e11456c-f0f6-48c7-9cbf-6f4447379727
166c5f13-d34f-4ac2-b37f-9b54e72008e7,NULL,2025-04-17 04:01:58,NULL,2025-04-17 04:01:58,PENDING,b640e1c1-a6d3-4efb-8593-7782017a7ec3,1faf7fc8-34dd-4713-9549-2318109b3845
1729a803-5954-4e08-a143-9ce50a81a942,NULL,2023-04-24 05:55:12,NULL,2023-04-24 03:55:08,ACCEPTED,17cb0d77-8169-4f01-a7bd-e019cf08d7eb,f94c9423-2671-4c2a-bcbe-c668e22ea84e
177137a6-9056-417d-817f-44490b734fbd,NULL,2025-04-15 07:19:33,NULL,2025-04-15 07:19:33,PENDING,acafdca6-623f-4a89-b94c-728b87fbea97,d93d060b-0c9e-4845-9b12-1793bb3ee2d7
1805e880-fb06-4135-b959-c7954336650b,NULL,2022-12-15 09:52:04,NULL,2022-12-15 09:57:03,ACCEPTED,c7531961-ba85-493d-b084-6be235dd0064,9e11456c-f0f6-48c7-9cbf-6f4447379727
1a6ecf07-8c09-4b54-9f44-0b451ef74a1f,NULL,2023-07-07 12:01:55,NULL,2023-07-07 12:01:55,PENDING,4addbe48-e1e9-4f32-8932-4444582ba25f,03
1adc8ffe-678f-47ae-a5f9-b40bffa005c5,NULL,2023-06-09 12:41:04,NULL,2023-06-09 12:41:04,PENDING,c54e1708-8e37-4655-bd97-77f0e6fbde88,03
1c00ea11-8181-44e1-8d51-63ff24f7cc2e,NULL,2022-03-17 10:42:03,NULL,2022-03-17 10:42:03,PENDING,7404fd03-4c0a-4e9b-87f5-4698486b9164,9d42a4bc-43fe-42e8-b051-e62a6a932b8a
1cb2362e-d1a0-4c0c-9dfe-01aaf9ff04de,NULL,2023-07-13 12:29:55,NULL,2023-07-13 12:29:55,PENDING,c33e547a-b10d-4f53-848b-ccaed693383b,992f7c4a-eff6-4332-b7ee-976cb5963a97
22ddb357-0370-4262-af22-b3c5f8f779d7,NULL,2022-03-17 09:48:43,NULL,2022-03-17 09:48:43,PENDING,7404fd03-4c0a-4e9b-87f5-4698486b9164,3edfba0c-7857-46db-a707-78856358cc1d
2331bd96-4240-40a0-8573-efecf278ab35,NULL,2022-11-29 06:30:19,NULL,2022-12-13 08:17:10,ACCEPTED_PENDING,a8a34bfc-47c5-4fa0-a96e-c031378e73a8,9e11456c-f0f6-48c7-9cbf-6f4447379727
24431ebd-348d-4347-93b8-c66ce50d654a,NULL,2023-07-11 12:22:44,NULL,2023-07-11 12:22:44,PENDING,7bbfabc0-6980-4a62-93c2-4e3808a6afa4,5574d61c-c8f2-4031-ae37-9230565e1296
245c70d0-5536-4095-9e5d-41d937a57fe8,NULL,2023-05-23 08:40:36,NULL,2023-05-23 08:40:36,PENDING,01bf8a5b-33ee-4997-a73c-a79a76131058,9e11456c-f0f6-48c7-9cbf-6f4447379727
253a0c95-6a2b-4704-ae3c-2c384c25e6f1,NULL,2022-08-23 06:31:13,NULL,2022-08-23 06:31:13,PENDING,67d259c4-3c7e-4c8a-82bc-87db1456fbf7,cd195b2d-1546-4edf-8a64-08edf076e2ff
28fc5c44-d117-4e26-a66d-068c361bebe9,NULL,2025-04-17 03:45:56,NULL,2025-04-17 03:46:10,ACCEPTED_PENDING,bf38f173-c63d-451d-81cf-59aef81d4a3e,8d250d37-5fe6-4b9c-b0cd-10fc41594c05
293e77c9-8f12-480c-99b8-33fa6f0d827c,NULL,2023-05-17 10:38:05,NULL,2024-02-15 10:45:28,ACCEPTED_PENDING,9749aeb2-00a7-45bc-be40-7c287a36105a,9e11456c-f0f6-48c7-9cbf-6f4447379727
2e215f6a-5980-4234-ac47-5ea5509814e9,NULL,2023-07-19 13:36:54,NULL,2023-07-19 13:38:02,ACCEPTED_PENDING,c8ea1cc7-be75-4bb0-be72-b062dc421501,54fea194-4220-40ff-83dd-00c5a946dc25
2f1fc449-754e-40cc-b467-5987df1028c9,NULL,2023-07-24 00:32:01,NULL,2023-07-31 05:12:49,REJECTED,c8ea1cc7-be75-4bb0-be72-b062dc421501,9e11456c-f0f6-48c7-9cbf-6f4447379727
2fed0b27-a645-46d3-aa60-56d496d2539e,NULL,2022-03-24 10:32:36,NULL,2022-12-15 05:16:30,ACCEPTED_PENDING,c6d75286-0811-4113-b7ed-b968a5ab9309,9e11456c-f0f6-48c7-9cbf-6f4447379727
3030c092-c72e-40da-8487-bc154af1d893,NULL,2022-02-24 11:01:03,NULL,2022-03-07 06:00:37,ACCEPTED_PENDING,ad12d449-8c3e-4574-bb96-7545115b40df,9e11456c-f0f6-48c7-9cbf-6f4447379727
324d9e9b-2b02-4135-91f0-0616825e5b4d,NULL,2023-07-12 14:06:36,NULL,2023-07-12 14:06:36,PENDING,a29aa051-5f72-4b9e-b99a-5976235eb645,03
3274b2eb-ba4b-4bb1-96fb-65c0e5c4841d,NULL,2023-07-24 09:39:49,NULL,2023-07-24 09:39:49,PENDING,01e0db0c-c0df-43a1-86e2-5fecf418829f,9e11456c-f0f6-48c7-9cbf-6f4447379727
36fc784a-5327-403a-8aba-b5064d507d73,NULL,2022-12-30 09:58:41,NULL,2023-03-14 07:03:58,ACCEPTED_PENDING,caf0b5ec-1607-45fb-b2c6-ea6f49750b11,9e11456c-f0f6-48c7-9cbf-6f4447379727
3716dc32-a0e8-489b-9e90-490e626a6b4e,NULL,2023-03-17 06:54:23,NULL,2023-03-17 06:54:23,PENDING,8c4070fc-b105-4b6b-84d8-1fc51bfd855b,9e11456c-f0f6-48c7-9cbf-6f4447379727
37eb0a14-5f61-470a-82e9-e92bd5e05aea,NULL,2022-03-17 09:48:44,NULL,2022-03-17 09:48:44,PENDING,7404fd03-4c0a-4e9b-87f5-4698486b9164,34819871-342b-4a70-823d-5088c33c726d
3c3ae069-296d-483e-b1a4-864a4bdfe208,NULL,2022-04-01 09:48:22,NULL,2022-04-03 00:26:30,ACCEPTED_PENDING,75c58e2f-9889-47ad-a2f9-d05d72fb18b6,9a7343fd-400c-4d9c-9337-36f169d4d659
3e7ecee0-6f4c-4b3b-863b-a10eb32b28cf,NULL,2022-02-07 08:02:47,NULL,2022-04-03 00:26:01,ACCEPTED_PENDING,ef474866-9962-4eaf-9a43-0e9f085ac1ac,9a7343fd-400c-4d9c-9337-36f169d4d659
3ffc406b-4060-4baa-92fb-1c2e4258159b,NULL,2023-08-04 05:14:46,NULL,2023-08-04 05:14:46,PENDING,01e0db0c-c0df-43a1-86e2-5fecf418829f,9a7343fd-400c-4d9c-9337-36f169d4d659
4018e5c9-7a8e-4d99-8021-b4624eda3d3e,NULL,2025-04-10 11:56:48,NULL,2025-04-10 11:56:48,PENDING,7e86b315-f215-4b60-8129-8aff3155327b,95898161-c881-4f17-bf25-83b33fa3b412
405db14a-ff66-4a06-8b48-46198cef09d0,NULL,2023-07-18 11:44:28,NULL,2023-07-18 11:50:32,ACCEPTED_PENDING,a29aa051-5f72-4b9e-b99a-5976235eb645,54fea194-4220-40ff-83dd-00c5a946dc25
41a64294-cb37-47d2-bbd5-a7c674490616,NULL,2023-05-17 10:39:31,NULL,2023-05-17 10:43:02,ACCEPTED,9749aeb2-00a7-45bc-be40-7c287a36105a,f94c9423-2671-4c2a-bcbe-c668e22ea84e
42835989-157f-47c5-8042-3a415bc07183,NULL,2022-12-15 04:46:29,NULL,2023-03-14 07:04:00,ACCEPTED_PENDING,67553861-ae13-4e32-a036-6f60bd8d9234,9e11456c-f0f6-48c7-9cbf-6f4447379727
42ba63ad-e494-49dc-b372-b57caf74325c,NULL,2022-03-17 10:42:43,NULL,2022-03-17 10:42:43,PENDING,7404fd03-4c0a-4e9b-87f5-4698486b9164,638bdb88-c250-4d46-b870-c4a78c79ed60
43e8fff5-bb82-4309-96e6-fdc33492d0f7,NULL,2023-06-30 12:20:57,NULL,2023-06-30 12:20:57,PENDING,9749aeb2-00a7-45bc-be40-7c287a36105a,9d9f1894-5892-4bc2-80f7-db193a3649ee
44e55df9-c604-41bf-a0ce-6acbbaf69701,NULL,2022-03-23 10:16:11,NULL,2022-03-24 10:48:54,ACCEPTED_PENDING,b64faef6-52bc-44cf-8e6b-04c16a880810,9e11456c-f0f6-48c7-9cbf-6f4447379727
45286ca0-c998-4175-b735-cd6ca27b34eb,NULL,2023-07-07 11:52:38,NULL,2023-07-07 11:52:38,PENDING,56515048-7cab-4b45-a8b3-dfd627d5d2fb,03
48fcbe5e-d4f1-41b7-85bb-b6c9436e59c7,NULL,2025-04-16 07:25:08,NULL,2025-04-16 07:25:08,PENDING,d2f640d4-7ba4-4242-95fa-67bdd8ba5a7f,0c7eea2b-c36f-4688-b246-ee64593eb8eb
49d2815c-8839-4b81-a617-6e24b098c8e8,NULL,2022-03-21 03:56:37,NULL,2022-11-22 05:27:06,REJECTED,49050db5-46e1-470f-9046-9f3f75890ea2,9e11456c-f0f6-48c7-9cbf-6f4447379727
4aa1d319-002e-462f-8179-0c3c1445cecf,NULL,2025-04-15 05:51:22,NULL,2025-04-15 05:51:22,PENDING,7e86b315-f215-4b60-8129-8aff3155327b,c82a9f16-ea31-458b-a587-96b42f35dc81
4e393aa8-151e-48c8-a4fb-87e246cc28a8,NULL,2022-03-17 09:43:23,NULL,2022-03-17 09:43:23,PENDING,7404fd03-4c0a-4e9b-87f5-4698486b9164,c76f6363-d975-4aa6-b43d-6fb014ba0e26
50d251a9-7345-48da-a327-d07526239668,NULL,2023-07-24 09:37:35,NULL,2023-07-24 09:37:35,PENDING,01e0db0c-c0df-43a1-86e2-5fecf418829f,03
524ab3b9-3547-49d6-853e-378c8665dd6c,NULL,2022-02-16 07:52:35,NULL,2022-02-16 07:52:35,PENDING,01bf8a5b-33ee-4997-a73c-a79a76131058,616bd6ad-2fb0-4073-9ba6-dfa15fbe0db0
5777a8bd-c805-47f0-8956-7f4661755d99,NULL,2022-01-18 13:08:56,NULL,2022-01-18 13:09:09,ACCEPTED_PENDING,8bd41c14-ba65-4365-bada-b607473cedeb,54fea194-4220-40ff-83dd-00c5a946dc25
57d5a5d5-e7fb-4148-a657-526403f98e90,NULL,2023-07-18 09:29:45,NULL,2023-07-18 09:29:45,PENDING,efe59230-9593-4077-a3f2-a9c893f61b8f,03
58a9ab1c-6b51-4cb9-9924-dd61073727c4,NULL,2022-03-23 06:53:06,NULL,2022-03-23 13:50:10,ACCEPTED_PENDING,922e3248-94b5-47e8-8ae8-68b2e83f287b,9e11456c-f0f6-48c7-9cbf-6f4447379727
5940980d-b316-43f4-85ae-fc156b201f27,NULL,2022-03-17 10:14:45,NULL,2022-03-17 10:14:45,PENDING,7404fd03-4c0a-4e9b-87f5-4698486b9164,2e6c0e42-bc62-4491-baa2-902e4a319d4a
595e820b-33a0-4540-9084-d370af4fbc22,NULL,2023-05-19 07:14:47,NULL,2023-05-19 07:14:47,PENDING,9749aeb2-00a7-45bc-be40-7c287a36105a,c0f45f6f-019e-4730-935a-008177050ae9
598701c1-fc13-4a6b-bb7b-beaf8cda79eb,NULL,2022-12-27 06:34:25,NULL,2022-12-30 09:42:14,ACCEPTED_PENDING,0bca576c-8df9-4b7e-9eea-1d6a168b5579,54fea194-4220-40ff-83dd-00c5a946dc25
59979a72-35ea-442a-82bb-81b2ce7fecdf,NULL,2023-03-23 09:18:06,NULL,2023-03-23 10:45:32,ACCEPTED,01563a68-580a-4615-ab31-52b0c10312b8,54fea194-4220-40ff-83dd-00c5a946dc25
59fb29f4-4475-4ce1-ade4-659b883ec3b2,NULL,2022-12-30 09:38:10,NULL,2022-12-30 10:02:01,ACCEPTED_PENDING,c7b4360b-cd34-468a-aeb0-a3bf6a0dd735,54fea194-4220-40ff-83dd-00c5a946dc25
5f0378f8-ebab-4828-95f1-cb9df6d59be7,NULL,2022-12-21 08:54:37,NULL,2022-12-21 08:57:05,ACCEPTED,98fbd03c-535a-4cd5-be93-e00cf92793c2,9e11456c-f0f6-48c7-9cbf-6f4447379727
6101a77b-d59c-4b1b-bcc7-5f67ec21d4dd,NULL,2023-08-04 05:14:11,NULL,2023-08-04 05:14:11,PENDING,01e0db0c-c0df-43a1-86e2-5fecf418829f,c0f45f6f-019e-4730-935a-008177050ae9
6328d22f-956e-4eb4-b750-fa71b3b0deb2,NULL,2025-04-15 06:09:44,NULL,2025-04-15 06:09:44,PENDING,7e86b315-f215-4b60-8129-8aff3155327b,69f2dc21-c175-4956-8731-c1266ec90d98
638afc35-67a4-4832-ae57-902cd254526f,1459f8aa-5b5e-45f2-9bdc-f3097960a439,2023-05-16 03:05:54,02c45705-3dd6-4df1-af0b-b5fddddf1cad,2023-05-16 03:05:54,PENDING,ff15f488-db86-4772-a835-9761377fec4f,5e306ab8-4160-42ee-82a7-b56978f401a6
65ad835a-f3b0-4ebe-9264-2604dc121ace,NULL,2023-03-21 05:18:57,NULL,2023-03-23 09:10:29,ACCEPTED,13c16671-5fe7-4344-a7a3-c5ea3b4a40ef,54fea194-4220-40ff-83dd-00c5a946dc25
682a9c42-21f1-4b09-975b-d7a4925a4996,NULL,2022-03-17 10:17:15,NULL,2022-03-17 10:17:15,PENDING,7404fd03-4c0a-4e9b-87f5-4698486b9164,a6749bf4-c2e7-43c1-af94-0a7651c6c4b5
686b66bc-b945-402d-96c4-f74efd89dd30,NULL,2022-03-17 09:48:41,NULL,2022-03-17 09:48:41,PENDING,7404fd03-4c0a-4e9b-87f5-4698486b9164,2e476b07-6122-4afe-8cf7-014fe606025c
6d1e922c-5c9f-4b80-87f5-92f2a56d0a15,NULL,2023-07-17 12:03:07,NULL,2023-07-17 12:03:07,PENDING,fba6e6ea-f6f8-4c80-88d3-bcefe674cfc6,992f7c4a-eff6-4332-b7ee-976cb5963a97
6e015450-1edd-4f9a-8d7f-9b8fe009284d,NULL,2023-07-21 11:20:12,NULL,2023-07-27 09:44:40,ACCEPTED,c8ea1cc7-be75-4bb0-be72-b062dc421501,a11250bd-7b70-421d-8001-2783ae6b9fb7
6f27ba05-b147-48f5-a6e2-07d0ec320997,NULL,2022-02-07 08:02:48,NULL,2022-02-07 08:02:48,PENDING,ef474866-9962-4eaf-9a43-0e9f085ac1ac,ac83d35b-01b6-499c-8368-e08876e6a195
6f3638d6-0fa0-492f-8c5e-3b2f95bb0288,NULL,2022-09-28 04:49:31,NULL,2022-09-28 05:03:54,ACCEPTED,167752ba-3631-46a9-b0ca-ec0c5cd6c99d,9e11456c-f0f6-48c7-9cbf-6f4447379727
6f65ad01-63f7-4cef-b369-335247c225f2,NULL,2022-02-11 08:42:06,NULL,2022-02-11 08:42:06,PENDING,9b24cf08-d5b9-4d83-a2ef-a03df4f16959,c0f45f6f-019e-4730-935a-008177050ae9
70925f3c-cdb1-4e84-b4b0-522c5c3d1344,NULL,2022-02-16 07:52:36,NULL,2022-02-16 07:52:36,PENDING,01bf8a5b-33ee-4997-a73c-a79a76131058,1a4bdf39-df56-418a-aa07-dfc646b4b1b1
711a0f1d-57cb-46cd-a015-1870b56029bb,NULL,2023-06-09 13:30:41,NULL,2023-07-13 05:02:19,ACCEPTED_PENDING,c54e1708-8e37-4655-bd97-77f0e6fbde88,9e11456c-f0f6-48c7-9cbf-6f4447379727
713a45c2-8d68-4641-9916-56f7f142d490,NULL,2022-01-18 15:28:45,NULL,2022-01-18 15:37:39,ACCEPTED,fb4ec3f4-5da7-4fa9-a0e3-358a9b4624d2,54fea194-4220-40ff-83dd-00c5a946dc25
72f967d3-3f0e-4aba-bf77-670303b4a531,NULL,2022-12-30 09:58:42,NULL,2023-01-10 09:29:29,ACCEPTED_PENDING,caf0b5ec-1607-45fb-b2c6-ea6f49750b11,54fea194-4220-40ff-83dd-00c5a946dc25
741b3778-77c7-4830-aefd-8243fd8022da,NULL,2023-06-30 11:48:00,NULL,2023-06-30 11:48:00,PENDING,9749aeb2-00a7-45bc-be40-7c287a36105a,f60a410a-90b9-496e-a2bd-98a380918b68
7494b46f-916a-4cae-abc6-8180904742ee,NULL,2022-08-29 04:47:38,NULL,2022-08-29 05:06:43,ACCEPTED,df4a198e-6a05-41a8-bfc6-703eb8b70846,9e11456c-f0f6-48c7-9cbf-6f4447379727
75a6bd70-1005-4262-ab11-fcfe73eb66a1,NULL,2021-12-29 12:17:01,NULL,2021-12-29 12:18:35,ACCEPTED_PENDING,579cdd09-f998-4a80-aa85-d0940d719c96,03
761b07e6-d0ec-443f-8311-3efceefdc0b8,NULL,2023-01-12 09:49:58,NULL,2023-01-12 09:51:55,ACCEPTED_PENDING,a23e44df-f3bd-4707-8d6b-698c1fba83a8,54fea194-4220-40ff-83dd-00c5a946dc25
790afc9a-2adc-49b6-8bad-7c5ddd1fb161,NULL,2022-02-11 08:42:07,NULL,2022-03-24 09:46:19,ACCEPTED_PENDING,9b24cf08-d5b9-4d83-a2ef-a03df4f16959,9e11456c-f0f6-48c7-9cbf-6f4447379727
790cf518-33a5-47d0-a624-e859f6f31780,NULL,2022-02-24 12:16:29,NULL,2022-02-24 12:25:49,ACCEPTED_PENDING,56733f21-c340-4bea-b97c-1d3101bf7d83,9e11456c-f0f6-48c7-9cbf-6f4447379727
792cce52-2ac1-4206-ad70-58eaf36944e6,NULL,2022-12-15 09:18:26,NULL,2022-12-15 09:37:39,ACCEPTED_PENDING,d7fb28d7-4cc1-40dc-b03c-5a9e11629dfa,9e11456c-f0f6-48c7-9cbf-6f4447379727
7c53fbeb-e534-4f6d-b1f3-6996fa4709db,NULL,2023-04-27 04:54:54,NULL,2023-04-27 04:57:08,ACCEPTED_PENDING,141a5256-ad5a-48d0-822e-77232bf44042,f94c9423-2671-4c2a-bcbe-c668e22ea84e
7e93a1ec-afe7-42b2-ba70-d3af0a12cdeb,NULL,2022-02-16 07:52:41,NULL,2022-02-16 07:52:41,PENDING,01bf8a5b-33ee-4997-a73c-a79a76131058,a6749bf4-c2e7-43c1-af94-0a7651c6c4b5
7ff52002-391e-4e8a-847c-77285717f4db,NULL,2023-03-15 05:48:54,NULL,2023-03-15 05:48:54,PENDING,ba78b26d-67c8-4002-a6d7-d618ead42ba5,9e11456c-f0f6-48c7-9cbf-6f4447379727
81dd9fc8-e4c5-47eb-a4a6-bae3e9e85bd5,NULL,2023-03-21 05:02:15,NULL,2023-09-29 05:21:21,ACCEPTED_PENDING,d4fc995a-603b-42b0-8eb0-00ccc4caed55,9e11456c-f0f6-48c7-9cbf-6f4447379727
8637d109-542f-4cc7-a6b1-be642e984696,NULL,2023-07-07 12:01:56,NULL,2023-07-07 12:01:56,PENDING,4addbe48-e1e9-4f32-8932-4444582ba25f,c0f45f6f-019e-4730-935a-008177050ae9
8bb5fa71-1444-42cd-bda2-0ab8b8aefe50,NULL,2023-07-13 12:47:07,NULL,2023-07-13 12:47:07,PENDING,fba6e6ea-f6f8-4c80-88d3-bcefe674cfc6,63a18d0e-23ce-454c-be47-31758e7360db
8d80645a-3fbf-41c6-8f17-a00fd7c22c72,NULL,2022-02-07 08:02:46,NULL,2022-02-14 17:43:04,ACCEPTED_PENDING,ef474866-9962-4eaf-9a43-0e9f085ac1ac,9e11456c-f0f6-48c7-9cbf-6f4447379727
8fc06252-0c43-4dad-8046-73ef79b928eb,NULL,2022-03-17 10:42:42,NULL,2022-03-17 10:42:42,PENDING,7404fd03-4c0a-4e9b-87f5-4698486b9164,911a9253-15a2-44d2-9154-f4bc354b638f
9130e8f2-5a3b-4864-a0ac-c058c555735a,NULL,2023-07-13 12:26:33,NULL,2023-07-21 05:25:38,ACCEPTED_PENDING,efe59230-9593-4077-a3f2-a9c893f61b8f,9e11456c-f0f6-48c7-9cbf-6f4447379727
94260a7c-0dc2-4e75-91c1-bb25f84846ac,NULL,2023-07-12 14:04:02,NULL,2023-07-12 14:04:02,PENDING,01563a68-580a-4615-ab31-52b0c10312b8,9e11456c-f0f6-48c7-9cbf-6f4447379727
94c6dcbc-8570-4d12-a532-3ec5dd35a2cd,NULL,2022-03-17 10:42:01,NULL,2022-03-17 10:42:01,PENDING,7404fd03-4c0a-4e9b-87f5-4698486b9164,e138cae2-07e7-407f-ad9a-e069863f4c07
94cd1ef9-fd81-48b3-81a8-cf1c0b2e3ef3,NULL,2022-02-16 07:52:39,NULL,2022-02-16 07:52:39,PENDING,01bf8a5b-33ee-4997-a73c-a79a76131058,e2d42310-5053-4cd1-bcd6-ef7e7409d7a1
95dd084d-7a71-4b27-b5ac-9eefc2f7655b,NULL,2022-02-28 06:36:03,NULL,2022-03-23 06:49:43,ACCEPTED_PENDING,7404fd03-4c0a-4e9b-87f5-4698486b9164,9e11456c-f0f6-48c7-9cbf-6f4447379727
966e7368-7545-4fd4-942e-842cbfbc2a95,NULL,2025-04-18 04:27:01,NULL,2025-04-18 04:27:01,PENDING,d09f594b-d71c-4374-bc3b-6ba5efbe18d2,aaf44c71-7aee-40b6-a305-563d23f85a4f
9695483c-f0a9-4c23-80f6-56cb3e2ffcbd,NULL,2023-05-30 06:17:14,NULL,2024-01-24 07:02:04,ACCEPTED,f5b1ce67-7ba9-4273-b46c-be19cdbee1aa,9e11456c-f0f6-48c7-9cbf-6f4447379727
9ff55a72-addf-41b4-bf71-a2f12bfa0f28,NULL,2022-02-16 07:52:34,NULL,2022-02-16 07:52:34,PENDING,01bf8a5b-33ee-4997-a73c-a79a76131058,e97fb668-d7b2-4d2f-905f-869dde2e5b41
a21b9c4b-2a58-4964-8131-196942944ea5,NULL,2022-03-17 10:10:29,NULL,2022-03-17 10:10:29,PENDING,7404fd03-4c0a-4e9b-87f5-4698486b9164,995f5d0a-dc6c-4284-b887-2905f4009196
a4d65528-5b01-49a6-8ad2-79671c88ecb5,NULL,2023-06-19 10:34:55,NULL,2023-06-19 10:34:55,PENDING,0956578a-cce4-45f2-9510-1faa596a0465,d92d8e30-7219-48b1-b67c-497822199b9a
a504652e-b561-4dc3-9db4-b50c230255f7,NULL,2022-04-01 09:45:08,NULL,2022-04-01 09:45:08,PENDING,75c58e2f-9889-47ad-a2f9-d05d72fb18b6,c0f45f6f-019e-4730-935a-008177050ae9
a60b2412-dfb2-4324-b73f-a2ab9475c362,NULL,2022-03-17 09:50:02,NULL,2022-03-17 09:50:02,PENDING,7404fd03-4c0a-4e9b-87f5-4698486b9164,1907fee0-86e9-41ba-8394-2da4a3d423fb
a663d5ee-563b-460e-b187-178310cf4b21,NULL,2022-02-16 07:52:40,NULL,2022-02-16 07:52:40,PENDING,01bf8a5b-33ee-4997-a73c-a79a76131058,23c20e8f-91a0-43d1-a653-2f1336b4d596
a8433f64-5883-47e3-8db8-47dc51af55a1,NULL,2022-03-23 10:33:35,NULL,2022-03-24 09:45:07,ACCEPTED_PENDING,3241a10a-a1bd-4ccd-8469-7a6386fa056a,9e11456c-f0f6-48c7-9cbf-6f4447379727
aaa5c392-7822-4fab-9140-691e24ad28fb,NULL,2023-06-13 05:56:09,NULL,2023-06-13 05:56:09,PENDING,c54e1708-8e37-4655-bd97-77f0e6fbde88,c0f45f6f-019e-4730-935a-008177050ae9
ad03b14c-b71d-46c6-a1be-92f78f75c929,NULL,2025-04-17 04:56:31,NULL,2025-04-17 05:03:52,ACCEPTED_PENDING,b640e1c1-a6d3-4efb-8593-7782017a7ec3,afec7c30-aba6-47b6-b5b6-e98f07f34f82
af9a09e2-ff8c-4c08-a317-3fbec071041d,NULL,2025-04-18 04:10:49,NULL,2025-04-18 04:10:49,PENDING,3b261590-4214-4593-b9ee-9d9b7c96e6b0,8fc070b3-cee5-4ce0-b6a5-abcb2e7212b4
b099d126-7cfd-4e14-b9fc-219dd5a1627e,NULL,2022-03-17 08:47:57,NULL,2022-03-17 08:47:57,PENDING,7404fd03-4c0a-4e9b-87f5-4698486b9164,3202d55e-e40d-4e5c-b0f9-11a96325d342
b2a14d65-72b7-4bec-8890-4dfa36e22834,NULL,2023-07-13 12:26:31,NULL,2023-07-13 12:26:31,PENDING,efe59230-9593-4077-a3f2-a9c893f61b8f,9a7343fd-400c-4d9c-9337-36f169d4d659
b462b761-325b-4c45-bd35-6a8420d28f58,NULL,2023-01-09 10:43:21,NULL,2023-01-09 10:52:44,ACCEPTED,62a325d2-03b2-44a2-9783-60b838ff39ad,54fea194-4220-40ff-83dd-00c5a946dc25
b683569a-719f-4f0b-9c31-eb21912d685d,NULL,2025-04-24 03:31:27,NULL,2025-04-24 03:31:27,PENDING,3b261590-4214-4593-b9ee-9d9b7c96e6b0,298fb802-e72d-439c-86f6-0555af39f2eb
b8c9e6e5-dd60-4ddf-8fba-1a43693a61aa,NULL,2023-07-13 05:27:35,NULL,2023-07-13 05:27:35,PENDING,17ecc648-f7fd-4bf0-8d08-59bd5271765a,71d32f57-2672-4ca8-b784-2844c1c93d2a
bbdf738f-abc7-42be-ae82-0baf8bb0dd61,NULL,2023-06-09 07:01:53,NULL,2023-06-09 07:01:53,PENDING,0717ecf7-2b20-4f25-baf0-ae10461a3191,54fea194-4220-40ff-83dd-00c5a946dc25
bd2785e5-06a3-4560-bc12-c34d838a7a16,NULL,2025-04-10 10:35:01,NULL,2025-04-10 10:35:01,PENDING,7e86b315-f215-4b60-8129-8aff3155327b,2ffcdefc-8dc1-4eda-84cd-19adfdfb2ae5
bd939792-8f11-4136-af10-888e01bff94a,NULL,2023-07-21 11:19:31,NULL,2023-07-21 11:19:31,PENDING,c8ea1cc7-be75-4bb0-be72-b062dc421501,992f7c4a-eff6-4332-b7ee-976cb5963a97
bf9f666c-e0ab-49d1-8f1c-89de26129993,NULL,2025-04-17 03:47:40,NULL,2025-04-17 03:48:41,ACCEPTED_PENDING,bf38f173-c63d-451d-81cf-59aef81d4a3e,54fea194-4220-40ff-83dd-00c5a946dc25
c4adcfd3-1c86-4adf-9caa-6c789e61656f,NULL,2023-07-18 04:42:44,NULL,2023-07-18 04:42:44,PENDING,027f3513-ce7a-4d5d-8ff2-335435b19bc0,0c36a187-4358-49d8-96da-a03c74687490
c8690aae-8dda-43f7-8913-05f326840d65,NULL,2022-12-15 12:36:57,NULL,2022-12-15 12:42:32,ACCEPTED,f783e5d5-b9bf-40a4-bbb4-0f1cf6b8719d,9e11456c-f0f6-48c7-9cbf-6f4447379727
ccb2253b-4458-4b52-ba5d-206ad0a44866,NULL,2025-04-15 06:08:41,NULL,2025-04-15 06:08:41,PENDING,7e86b315-f215-4b60-8129-8aff3155327b,54fea194-4220-40ff-83dd-00c5a946dc25
cd4bd512-a195-4762-9804-b141323afe0c,NULL,2023-04-24 05:52:55,NULL,2023-04-24 05:52:55,PENDING,17cb0d77-8169-4f01-a7bd-e019cf08d7eb,4a3d5b1d-8455-4f21-896e-1fcea6805aff
cd95403f-ddaf-4521-aab2-9eab86a01368,NULL,2022-03-17 09:50:03,NULL,2022-03-17 09:50:03,PENDING,7404fd03-4c0a-4e9b-87f5-4698486b9164,676c65b7-643b-4275-9503-e6ebd1afc555
cee8f26b-baa1-409e-84b7-96ad83ee7def,NULL,2023-07-17 12:43:01,NULL,2023-07-17 12:57:02,ACCEPTED_PENDING,c43a2d4e-a72b-4b04-b7cc-e639b0c23ad1,54fea194-4220-40ff-83dd-00c5a946dc25
cfddcd9c-6fde-493d-8566-90242321edf6,NULL,2025-04-15 06:36:05,NULL,2025-04-15 06:36:05,PENDING,acafdca6-623f-4a89-b94c-728b87fbea97,76211607-56c2-4164-945e-598a719b7574
d1cd2561-c6f8-44db-ad37-87b802c33879,NULL,2022-04-01 09:45:06,NULL,2022-04-01 09:45:06,PENDING,75c58e2f-9889-47ad-a2f9-d05d72fb18b6,03
d23020e5-fa2d-4596-a2ef-9ab3d2551140,NULL,2022-02-16 07:52:38,NULL,2022-02-16 07:52:38,PENDING,01bf8a5b-33ee-4997-a73c-a79a76131058,307416ef-725c-4fb8-8a89-58d5bb01e2fd
d26b3560-d43f-4c76-b3e4-17c367ba3844,NULL,2022-12-16 09:34:50,NULL,2022-12-16 09:36:06,ACCEPTED,9bc5f2de-e363-4eda-b060-b5db7bc0bc69,54fea194-4220-40ff-83dd-00c5a946dc25
d31d7e58-dcbb-4e3e-9767-3fafbac78551,NULL,2023-05-19 07:14:46,NULL,2023-05-19 07:14:46,PENDING,9749aeb2-00a7-45bc-be40-7c287a36105a,03
d5f27253-1cae-4c66-a533-dd19f428f94e,NULL,2023-03-15 05:48:53,NULL,2023-03-15 05:48:53,PENDING,ba78b26d-67c8-4002-a6d7-d618ead42ba5,c0f45f6f-019e-4730-935a-008177050ae9
d65da8ab-4582-4721-82d9-d5c1f8914046,NULL,2022-03-24 10:29:30,NULL,2022-09-01 04:48:44,ACCEPTED_PENDING,d4d01bcf-a39a-4887-a72f-67ee4da3df28,9e11456c-f0f6-48c7-9cbf-6f4447379727
d7d2dc80-139d-43f0-983f-a6db76d1f1e4,NULL,2023-06-19 10:34:01,NULL,2023-06-19 10:34:01,PENDING,0956578a-cce4-45f2-9510-1faa596a0465,c029663b-054e-4074-9ff6-239b50999809
dad097e8-3d21-4346-bca3-8474207645a1,NULL,2023-08-04 05:37:03,NULL,2023-11-07 04:16:53,ACCEPTED_PENDING,b1eabe48-ae2c-4a9c-bed7-8a5e65bf6887,9e11456c-f0f6-48c7-9cbf-6f4447379727
dada9833-782b-4a83-a0c5-053a9f0cead5,NULL,2025-04-18 04:13:57,NULL,2025-04-18 04:17:10,ACCEPTED_PENDING,3b261590-4214-4593-b9ee-9d9b7c96e6b0,51489176-6528-4845-992d-596b0d2b0138
dbba308f-3c5d-4ec5-ba08-0a0dbd5e9e7d,NULL,2022-02-11 08:42:04,NULL,2022-02-11 08:42:04,PENDING,9b24cf08-d5b9-4d83-a2ef-a03df4f16959,03
de3bc912-45ef-47cc-a81c-3d8efd9633b6,NULL,2022-03-17 10:11:43,NULL,2022-03-17 10:11:43,PENDING,7404fd03-4c0a-4e9b-87f5-4698486b9164,c0f45f6f-019e-4730-935a-008177050ae9
df3da354-71ef-45d3-9b40-3e9631778d24,NULL,2022-12-30 05:40:42,NULL,2022-12-30 05:47:30,ACCEPTED,dafcf162-a70a-481c-90a7-1f280aec13c6,54fea194-4220-40ff-83dd-00c5a946dc25
e0252b40-1651-46d2-bcc3-6882c8358731,NULL,2023-03-17 06:54:23,NULL,2023-03-17 06:54:23,PENDING,8c4070fc-b105-4b6b-84d8-1fc51bfd855b,9a7343fd-400c-4d9c-9337-36f169d4d659
e12e054f-e710-4bb3-a467-f17285d37d18,NULL,2023-06-09 07:03:18,NULL,2023-06-09 07:03:18,PENDING,00a19bb0-189c-442e-afee-3eef3a97801c,54fea194-4220-40ff-83dd-00c5a946dc25
e1735eae-f743-4741-bd96-d9507bcca821,NULL,2022-04-01 09:45:10,NULL,2022-12-15 05:16:22,ACCEPTED_PENDING,75c58e2f-9889-47ad-a2f9-d05d72fb18b6,9e11456c-f0f6-48c7-9cbf-6f4447379727
e24e12bf-f3ec-431c-be63-444dfc58f674,NULL,2022-02-16 08:00:47,NULL,2022-02-16 08:45:16,ACCEPTED,9c9b788c-7966-4c36-be35-b161b0f13818,9e11456c-f0f6-48c7-9cbf-6f4447379727
e4f0637f-26e3-43b9-92b9-24e7b77cec8f,NULL,2022-03-17 09:42:20,NULL,2022-03-17 09:42:20,PENDING,7404fd03-4c0a-4e9b-87f5-4698486b9164,7b7695e4-2a43-4c65-b899-58c203fac8a8
e6e9a2d2-cb8a-4810-958d-20addf3c8869,NULL,2021-12-29 10:21:18,NULL,2021-12-29 12:18:40,ACCEPTED_PENDING,1aba3e56-1e37-4a9f-8819-79cf2028bc69,03
e73e4eee-6111-4089-afa4-3f8aba11e4b1,NULL,2022-03-17 10:44:26,NULL,2022-03-17 10:44:26,PENDING,7404fd03-4c0a-4e9b-87f5-4698486b9164,cd195b2d-1546-4edf-8a64-08edf076e2ff
e7fc7ac3-36c0-4c60-a7a8-2746fc19a495,NULL,2023-07-12 14:06:50,NULL,2023-07-12 14:06:50,PENDING,a29aa051-5f72-4b9e-b99a-5976235eb645,c0f45f6f-019e-4730-935a-008177050ae9
ea63f606-8034-4f41-83d3-3cbc5367345a,NULL,2023-06-12 05:23:56,NULL,2023-06-12 05:23:56,PENDING,c54e1708-8e37-4655-bd97-77f0e6fbde88,e5ae0e8b-20d9-4e1b-b07b-55f26600116d
eb4dd99f-4f4e-4119-8d71-ff4bd5e511c4,1459f8aa-5b5e-45f2-9bdc-f3097960a439,2023-05-16 05:39:27,02c45705-3dd6-4df1-af0b-b5fddddf1cad,2023-05-16 05:39:27,PENDING,ff15f488-db86-4772-a835-9761377fec4f,4aabe1f6-d219-4523-aa69-3dbdcbd99f01
f1044aab-5081-43eb-9e66-97c5c71f3d8e,NULL,2022-03-17 10:17:14,NULL,2022-03-17 10:17:14,PENDING,7404fd03-4c0a-4e9b-87f5-4698486b9164,553396a5-e03b-4c05-9879-f173ec1155a6
f32f2f57-1f3e-4d7f-9f1c-697874b0a772,NULL,2025-04-15 04:57:45,NULL,2025-04-15 04:57:45,PENDING,7e86b315-f215-4b60-8129-8aff3155327b,17c8dad4-cace-45a7-a8ac-11123f3b0c18
f52d5be7-c910-4c4d-9431-71da28c3a7cd,NULL,2022-03-21 03:49:37,NULL,2022-03-21 03:51:08,ACCEPTED_PENDING,877adc96-1e3a-42f6-b6ed-82378899d8c4,9e11456c-f0f6-48c7-9cbf-6f4447379727
fb8937f3-06f1-4b47-aacd-5c034bb97078,NULL,2022-03-17 11:30:48,NULL,2022-03-17 11:30:48,PENDING,7404fd03-4c0a-4e9b-87f5-4698486b9164,48c371ab-0804-48d3-bdd8-a3b93e98ccd9
fdec4530-73cf-463f-89fa-01c49c19775c,NULL,2022-02-07 08:02:44,NULL,2022-02-07 08:02:44,PENDING,ef474866-9962-4eaf-9a43-0e9f085ac1ac,03
