id,created_by,created_date,updated_by,updated_date,filename,path,jobsite_id
01548f40-817c-4e38-9dfc-9336e24a9078,c8367fc3-d459-4b83-b48b-37521e6d4795,2024-07-16 10:51:03,c8367fc3-d459-4b83-b48b-37521e6d4795,2024-06-29 05:49:41,2024-05-20T16_17_38.png,IconicWorkerUserImages/8b170f3d-de93-40e1-b4fc-c5b934170ba4,0a958343-9e12-4424-98f5-8ea20543f27e
0534db3b-ff7c-46db-a3ee-30347a4a72a1,c8367fc3-d459-4b83-b48b-37521e6d4795,2024-08-05 13:48:06,c8367fc3-d459-4b83-b48b-37521e6d4795,2024-06-29 05:49:50,2024-05-20T16_17_28.png,IconicWorkerUserImages/df6d9005-0e76-4193-9328-a85ef13689c4,cfc41792-f432-43cd-ab25-ed1c0444be48
05918a49-4754-44fc-a335-7a01ee923f07,c8367fc3-d459-4b83-b48b-37521e6d4795,2023-12-06 07:19:53,c8367fc3-d459-4b83-b48b-37521e6d4795,2023-12-06 07:19:53,image_hX.png,IconicWorkerUserImages/45e4a0bc-e60f-412c-b088-b8fc3e03f878,8e698040-bbda-4fb8-b4b8-08930ff22a0e
05a5739e-685c-4fbd-8452-a66f4e4257fc,b91189e3-47b3-44b1-a685-0252e97c7d1c,2024-07-08 04:20:22,b91189e3-47b3-44b1-a685-0252e97c7d1c,2024-07-08 04:20:22,SampleVideo_1280x720_1mb (1).mp4,IconicWorkerUserImages/c50551b4-42fb-4a0b-95b9-b4aa4370abfc,a29f47ec-f8ee-4ae8-b78d-122f243d2048
05f70d7a-5911-4222-a274-0c72d0849561,b91189e3-47b3-44b1-a685-0252e97c7d1c,2024-04-25 04:11:38,b91189e3-47b3-44b1-a685-0252e97c7d1c,2024-04-19 09:05:52,SampleVideo_1280x720_1mb (1).mp4,IconicWorkerUserImages/0a2b6924-7236-469a-9cd6-b9259d2f36cf,3dfa094f-b839-4034-8f9f-f6ffddfac5b2
0693a3e4-8a1d-40bc-9386-da050bc2c290,b91189e3-47b3-44b1-a685-0252e97c7d1c,2024-04-19 09:02:50,b91189e3-47b3-44b1-a685-0252e97c7d1c,2024-04-19 09:02:50,SamplePNGImage_100kbmb.png,IconicWorkerUserImages/363acc38-8cb0-4b94-babb-43e726a2538a,94d74a2c-b1ad-47fa-a404-466ec6a85d6d
0c66f08d-ff27-4f1a-87ab-9da088a203cd,c8367fc3-d459-4b83-b48b-37521e6d4795,2024-03-04 10:53:11,c8367fc3-d459-4b83-b48b-37521e6d4795,2024-03-04 10:53:11,SamplePNGImage_500kbmb.png,IconicWorkerUserImages/cbfc70d8-56f9-43b2-bdda-00b7bd2dba19,0a06a792-10c9-4631-9a56-7bc9207bcfc1
0f1f2616-3b0e-4386-8a0b-e18c0206c12d,c8367fc3-d459-4b83-b48b-37521e6d4795,2024-04-18 08:52:35,c8367fc3-d459-4b83-b48b-37521e6d4795,2024-04-18 06:32:23,SamplePNGImage_100kbmb.png,IconicWorkerUserImages/0f2f6db1-b25c-46d5-954f-f83db5b7859c,41ac9fc2-d389-4931-9fce-f6bb7b9a8659
0fdcff08-508c-4ed5-90b2-fab60d133fa9,c8367fc3-d459-4b83-b48b-37521e6d4795,2024-08-01 12:51:55,c8367fc3-d459-4b83-b48b-37521e6d4795,2024-06-29 05:49:50,2024-05-20T16_17_28.png,IconicWorkerUserImages/df6d9005-0e76-4193-9328-a85ef13689c4,f8977d94-47fc-49bf-aad2-1ade9ae69630
10dc3519-3790-429c-9380-ddeb6f2cf7e0,c8367fc3-d459-4b83-b48b-37521e6d4795,2024-04-18 08:52:35,c8367fc3-d459-4b83-b48b-37521e6d4795,2024-04-18 06:32:23,file_example_XLSX_10.xlsx,IconicWorkerUserImages/90b89cb4-f9d7-4e7c-883b-b30974bcc608,41ac9fc2-d389-4931-9fce-f6bb7b9a8659
12254b6d-f8dc-4f37-9eee-2963aba6c6f9,b91189e3-47b3-44b1-a685-0252e97c7d1c,2024-04-18 08:39:48,b91189e3-47b3-44b1-a685-0252e97c7d1c,2024-04-18 07:08:26,sample.pdf,IconicWorkerUserImages/6f6ab3b9-13f2-42b6-a7dc-245a4f585b2e,3bb4bb1e-a5dc-4c51-b622-6dd237599aab
130d36e3-8bf0-41eb-937b-8a51bb556425,b91189e3-47b3-44b1-a685-0252e97c7d1c,2024-04-25 03:48:31,b91189e3-47b3-44b1-a685-0252e97c7d1c,2024-04-23 04:28:00,manual-testing-2-years-exp.doc,IconicWorkerUserImages/d2ce9ffe-dcff-411e-962c-aa463a34a4ea,1318e060-39b4-4d37-acda-ce6e51c474d5
14be1eae-79e5-4916-b4c0-ad805b38cc6f,c8367fc3-d459-4b83-b48b-37521e6d4795,2024-08-22 11:43:19,c8367fc3-d459-4b83-b48b-37521e6d4795,2024-06-29 05:49:41,2024-05-20T16_17_38.png,IconicWorkerUserImages/8b170f3d-de93-40e1-b4fc-c5b934170ba4,97af8684-99c1-45d4-bd26-66d06996c7fc
161a7ed9-263e-4496-9d09-a1fc0a5d7055,b91189e3-47b3-44b1-a685-0252e97c7d1c,2024-04-18 07:08:26,b91189e3-47b3-44b1-a685-0252e97c7d1c,2024-04-18 07:08:26,SampleAudio_0.7mb.mp3,IconicWorkerUserImages/330a0624-ecd8-4ecc-b1d9-050e3f37ee31,e108ee05-aa2a-4ffc-b49a-f0f94fac03fe
16d02941-c53f-47b0-9600-bda404de7c60,c8367fc3-d459-4b83-b48b-37521e6d4795,2024-02-22 04:19:42,c8367fc3-d459-4b83-b48b-37521e6d4795,2024-02-22 04:19:42,Bunglow.jpg,IconicWorkerUserImages/9933840f-9cfa-49f5-ae23-efc874127f9e,dd63bfcf-c1a6-4bf7-8e02-4298bf0ee64b
19c730f5-a10d-45e0-b644-bda28343021a,c8367fc3-d459-4b83-b48b-37521e6d4795,2024-02-22 04:14:38,c8367fc3-d459-4b83-b48b-37521e6d4795,2024-02-22 04:14:38,automation-testing-5-years-exp.pdf,IconicWorkerUserImages/b196f71c-871e-4fae-8729-34b4f2e1cd50,68c0cdea-dc9d-4e18-a260-4e8cea13e4be
19e49977-4b17-4c8e-9cfc-f801e676f5bd,c8367fc3-d459-4b83-b48b-37521e6d4795,2024-04-18 06:32:23,c8367fc3-d459-4b83-b48b-37521e6d4795,2024-04-18 06:32:23,SampleAudio_0.4mb.mp3,IconicWorkerUserImages/eaa6c999-84df-4edb-a22e-29cbac9a82a4,989fdb44-0c9e-4111-b7ea-7d63172a118e
1ba37994-e1ae-421c-b1d4-a946d900894f,c8367fc3-d459-4b83-b48b-37521e6d4795,2024-07-12 09:06:50,c8367fc3-d459-4b83-b48b-37521e6d4795,2024-06-29 05:49:41,2024-05-20T16_17_38.png,IconicWorkerUserImages/8b170f3d-de93-40e1-b4fc-c5b934170ba4,d1f36fad-00cd-4276-a12d-a9e0628329e0
1bb1cd91-15cd-4d55-86f8-8e597976295e,c8367fc3-d459-4b83-b48b-37521e6d4795,2024-04-18 06:46:59,c8367fc3-d459-4b83-b48b-37521e6d4795,2024-04-18 06:32:23,SampleAudio_0.4mb.mp3,IconicWorkerUserImages/eaa6c999-84df-4edb-a22e-29cbac9a82a4,5a059381-8831-49ed-a21d-0c6c87c65fc9
1c35a40f-da0e-4593-ab5a-a9ca8c66cd42,c8367fc3-d459-4b83-b48b-37521e6d4795,2024-04-18 06:46:59,c8367fc3-d459-4b83-b48b-37521e6d4795,2024-04-18 06:32:23,file_example_XLSX_10.xlsx,IconicWorkerUserImages/90b89cb4-f9d7-4e7c-883b-b30974bcc608,5a059381-8831-49ed-a21d-0c6c87c65fc9
1db5b238-3187-48f4-b111-e3755c6609b2,c8367fc3-d459-4b83-b48b-37521e6d4795,2024-03-08 11:50:13,c8367fc3-d459-4b83-b48b-37521e6d4795,2024-03-04 10:14:01,file_example_XLSX_10.xlsx,IconicWorkerUserImages/efbe399a-f27a-49f5-b2f6-cf2b09a17d59,c5df3326-c57f-481c-9656-fae15fe2e5b9
1e831b7d-8601-41d8-8442-095cccc7f640,c8367fc3-d459-4b83-b48b-37521e6d4795,2023-11-23 09:45:29,c8367fc3-d459-4b83-b48b-37521e6d4795,2023-11-23 09:45:29,SiteWorker FIgma Design Sales Presentation Brief (1).docx,IconicWorkerUserImages/90385d81-f9a2-48a9-9692-bedb1b541d42,85f9c02d-ff28-473f-8893-bec643365dbe
1ed20be6-0051-4023-8969-1f9fac3fc6ca,b91189e3-47b3-44b1-a685-0252e97c7d1c,2024-04-18 08:39:48,b91189e3-47b3-44b1-a685-0252e97c7d1c,2024-04-18 07:11:06,sample.pdf,IconicWorkerUserImages/f1d99fe0-9858-42d8-a7db-ec0524070f01,2f912154-95b9-4c30-bcd6-547ea13f8400
1f59248e-1d96-4d9a-aa19-bc5fb193cf48,c8367fc3-d459-4b83-b48b-37521e6d4795,2024-08-22 11:23:53,c8367fc3-d459-4b83-b48b-37521e6d4795,2024-06-29 05:49:41,2024-05-20T16_17_38.png,IconicWorkerUserImages/8b170f3d-de93-40e1-b4fc-c5b934170ba4,f375a268-e713-4c54-a9f7-aadcd3412722
1fdd7bf8-0481-417f-bf7d-dc6b0d9c2c5e,c8367fc3-d459-4b83-b48b-37521e6d4795,2024-07-18 06:59:23,c8367fc3-d459-4b83-b48b-37521e6d4795,2024-06-29 05:49:50,2024-05-20T16_17_28.png,IconicWorkerUserImages/df6d9005-0e76-4193-9328-a85ef13689c4,6ffbe761-8827-4b88-b139-d0d9086ff071
20546f1b-b604-45cb-8ef8-95df12c4efc9,c8367fc3-d459-4b83-b48b-37521e6d4795,2024-03-05 06:21:42,c8367fc3-d459-4b83-b48b-37521e6d4795,2024-03-05 06:21:42,SamplePNGImage_100kbmb.png,IconicWorkerUserImages/26117916-9806-4fa1-81b1-fd87607f3c1e,a134e753-f96d-4986-ba30-e2e2d43af7a4
209c35d6-e735-4146-b506-a7ae79ebaad8,b91189e3-47b3-44b1-a685-0252e97c7d1c,2024-07-08 10:32:39,b91189e3-47b3-44b1-a685-0252e97c7d1c,2024-07-08 04:20:22,SampleAudio_0.4mb.mp3,IconicWorkerUserImages/9d2c41e4-1933-4e1f-a655-5e609c542766,003ec9d3-79a4-4275-9cdb-a3e33ba4ab47
23423007-3657-4364-9b67-6345048b1fc3,b91189e3-47b3-44b1-a685-0252e97c7d1c,2024-04-18 07:08:26,b91189e3-47b3-44b1-a685-0252e97c7d1c,2024-04-18 07:08:26,sample.pdf,IconicWorkerUserImages/6f6ab3b9-13f2-42b6-a7dc-245a4f585b2e,e108ee05-aa2a-4ffc-b49a-f0f94fac03fe
23b3b8c3-3ccd-4c14-b4fa-8b411595d2c7,c8367fc3-d459-4b83-b48b-37521e6d4795,2024-07-18 05:53:48,c8367fc3-d459-4b83-b48b-37521e6d4795,2024-06-29 05:49:50,2024-05-20T16_17_28.png,IconicWorkerUserImages/df6d9005-0e76-4193-9328-a85ef13689c4,8593dd17-8a80-4bed-b9c6-3e3fae6b5a72
259b5d72-532a-4e0a-836f-a040016003da,c8367fc3-d459-4b83-b48b-37521e6d4795,2024-07-01 05:28:55,c8367fc3-d459-4b83-b48b-37521e6d4795,2024-06-29 05:49:41,2024-05-20T16_17_38.png,IconicWorkerUserImages/8b170f3d-de93-40e1-b4fc-c5b934170ba4,64475b6f-a057-4853-aa72-648bfaff0970
26679cc7-34f4-4c73-b82c-4f7d5959e164,c8367fc3-d459-4b83-b48b-37521e6d4795,2024-04-18 06:34:58,c8367fc3-d459-4b83-b48b-37521e6d4795,2024-04-18 06:34:58,SampleXLSFile_904kb.xls,IconicWorkerUserImages/14554c74-c071-490b-979d-37e6f42773b2,15dba020-0c20-4d17-b8c7-02203ae3250a
27402f36-9e3e-4569-b7f4-d52865ca613a,b91189e3-47b3-44b1-a685-0252e97c7d1c,2024-07-16 04:11:29,b91189e3-47b3-44b1-a685-0252e97c7d1c,2024-07-16 04:11:29,SampleAudio_0.7mb.mp3,IconicWorkerUserImages/37202712-e815-4e7a-983f-684016569270,c1bec925-b8a7-4a2d-b5ca-d9cc7081caaa
276d5d40-183c-40e8-93ee-4303222fb392,c8367fc3-d459-4b83-b48b-37521e6d4795,2024-06-27 05:34:16,c8367fc3-d459-4b83-b48b-37521e6d4795,2024-06-27 05:34:16,woman-837156_960_720.jpg,IconicWorkerUserImages/ae036ffb-9883-4203-8700-300adb5f1585,1c957d80-fbad-4567-89e2-3fa950d0558c
2d986a39-4f37-4aba-8bd7-4ba3a6f7ebc2,c8367fc3-d459-4b83-b48b-37521e6d4795,2024-03-04 10:51:49,c8367fc3-d459-4b83-b48b-37521e6d4795,2024-03-04 10:51:49,SampleXLSFile_212kb.xls,IconicWorkerUserImages/a4182879-9d7c-4b7a-83ec-ff567c19f708,0a06a792-10c9-4631-9a56-7bc9207bcfc1
2e19c662-45fa-496c-a79d-6de06b70ee5b,b91189e3-47b3-44b1-a685-0252e97c7d1c,2024-07-08 04:20:22,b91189e3-47b3-44b1-a685-0252e97c7d1c,2024-07-08 04:20:22,Building.jpg,IconicWorkerUserImages/1fb40242-98c2-417c-8585-e0d55e0b4a9b,a29f47ec-f8ee-4ae8-b78d-122f243d2048
302565ac-ebc1-4634-8a71-e0a299c2f86a,b91189e3-47b3-44b1-a685-0252e97c7d1c,2024-07-08 04:20:22,b91189e3-47b3-44b1-a685-0252e97c7d1c,2024-07-08 04:20:22,SamplePDFFile_5mb.pdf,IconicWorkerUserImages/13e55e94-7483-4832-b93b-526a2a35ccb9,a29f47ec-f8ee-4ae8-b78d-122f243d2048
309b762e-37b5-4d6d-9ed8-f49aea0393a9,b91189e3-47b3-44b1-a685-0252e97c7d1c,2024-04-19 10:16:21,b91189e3-47b3-44b1-a685-0252e97c7d1c,2024-04-19 09:05:52,WordPress_Demo_Content.jpg,IconicWorkerUserImages/b62e5980-466a-4a20-a913-8a44fa165c76,2d93908e-7d91-445d-9e3d-fa1e9bf2ec7e
3123cdcd-bac7-4c37-9301-d258227cc115,c8367fc3-d459-4b83-b48b-37521e6d4795,2024-08-22 11:23:53,c8367fc3-d459-4b83-b48b-37521e6d4795,2024-06-29 05:49:50,2024-05-20T16_17_28.png,IconicWorkerUserImages/df6d9005-0e76-4193-9328-a85ef13689c4,05f9afc2-65f5-45f8-859f-63732cd943cd
3476e4ba-c6ff-4491-a188-1fe8933634e6,c8367fc3-d459-4b83-b48b-37521e6d4795,2025-04-17 04:26:04,c8367fc3-d459-4b83-b48b-37521e6d4795,2024-06-29 05:49:41,2024-05-20T16_17_38.png,IconicWorkerUserImages/8b170f3d-de93-40e1-b4fc-c5b934170ba4,3af991e9-376e-445c-8b18-36088bdbf2e6
368a0314-b4f3-4cb6-8f36-714fcdee8cbd,c8367fc3-d459-4b83-b48b-37521e6d4795,2024-03-05 06:21:42,c8367fc3-d459-4b83-b48b-37521e6d4795,2024-03-05 06:21:42,th.jpg,IconicWorkerUserImages/93855b3c-9346-4255-abd0-37dec4f00f52,a134e753-f96d-4986-ba30-e2e2d43af7a4
37ff788c-669b-4023-a99b-0995ba5cd738,c8367fc3-d459-4b83-b48b-37521e6d4795,2024-04-18 08:52:35,c8367fc3-d459-4b83-b48b-37521e6d4795,2024-04-18 06:34:58,sample.pdf,IconicWorkerUserImages/c8b0fd84-493c-42cb-84e0-87ac50d8fa2d,3692cdc3-8abe-4efe-ad97-62ae1d563709
3a4b2ccd-b06a-4596-a06e-eeacf8b806ef,b91189e3-47b3-44b1-a685-0252e97c7d1c,2024-07-05 11:22:01,b91189e3-47b3-44b1-a685-0252e97c7d1c,2024-04-19 09:02:50,SampleAudio_0.4mb.mp3,IconicWorkerUserImages/e648c6ef-ed4e-47d5-9d17-03b7ad9e4e0f,d29ccded-e86a-4646-beaf-ada7cbccbeb6
3a7af387-1d25-4f5d-982f-0b1305b46d0e,c8367fc3-d459-4b83-b48b-37521e6d4795,2024-08-22 10:59:09,c8367fc3-d459-4b83-b48b-37521e6d4795,2024-06-29 05:49:41,2024-05-20T16_17_38.png,IconicWorkerUserImages/8b170f3d-de93-40e1-b4fc-c5b934170ba4,44615858-8839-4290-998c-e8500d4dcd88
3c4b2448-a588-4d91-a583-b71f28fec41d,c8367fc3-d459-4b83-b48b-37521e6d4795,2024-07-15 05:55:09,c8367fc3-d459-4b83-b48b-37521e6d4795,2024-06-29 05:49:50,2024-05-20T16_17_28.png,IconicWorkerUserImages/df6d9005-0e76-4193-9328-a85ef13689c4,3b30698c-8e59-4c97-b8b3-4e8e9d9c30cd
3cb5a763-20d3-4c0e-9c58-c35e5cc41ee5,b91189e3-47b3-44b1-a685-0252e97c7d1c,2024-04-19 10:39:11,b91189e3-47b3-44b1-a685-0252e97c7d1c,2024-04-19 09:02:50,Sample-Spreadsheet-10-rows.xls,IconicWorkerUserImages/0988d0c8-9513-4ba4-ac2b-993d46c4cebc,7a5a88cf-b63a-4963-a912-80aa29bf318e
3d38255a-6405-4ff5-8d3d-bf893bb6b7ab,c8367fc3-d459-4b83-b48b-37521e6d4795,2024-04-18 06:32:23,c8367fc3-d459-4b83-b48b-37521e6d4795,2024-04-18 06:32:23,images.png,IconicWorkerUserImages/7d256242-8c43-4dab-b491-3f6884aadbe8,989fdb44-0c9e-4111-b7ea-7d63172a118e
3df3b5ee-fdde-465d-bc12-fc748f8aecc5,b91189e3-47b3-44b1-a685-0252e97c7d1c,2024-07-08 10:19:51,b91189e3-47b3-44b1-a685-0252e97c7d1c,2024-07-08 04:20:22,SamplePDFFile_5mb.pdf,IconicWorkerUserImages/13e55e94-7483-4832-b93b-526a2a35ccb9,a7c93548-4947-48cf-ae08-d66288e35697
3e695593-acd7-4265-b9fa-4835f1b993bc,c8367fc3-d459-4b83-b48b-37521e6d4795,2024-08-22 11:43:19,c8367fc3-d459-4b83-b48b-37521e6d4795,2024-06-29 05:49:50,2024-05-20T16_17_28.png,IconicWorkerUserImages/df6d9005-0e76-4193-9328-a85ef13689c4,260ffee1-9b5d-478d-9ac8-6da4122bf9bd
42b21a13-b6a3-4f09-b112-981f4c637f6a,c8367fc3-d459-4b83-b48b-37521e6d4795,2024-06-06 06:32:44,c8367fc3-d459-4b83-b48b-37521e6d4795,2024-05-28 04:01:14,GET clientProfile_verify-completion API .txt,IconicWorkerUserImages/6a76cd63-609e-4db4-8eb2-01db86e11697,31cc0cf4-6e4a-4eec-8ef9-9141390b1f23
442655ca-1fc2-4099-9375-0e653c031138,c8367fc3-d459-4b83-b48b-37521e6d4795,2024-08-20 05:17:29,c8367fc3-d459-4b83-b48b-37521e6d4795,2024-06-29 05:49:41,2024-05-20T16_17_38.png,IconicWorkerUserImages/8b170f3d-de93-40e1-b4fc-c5b934170ba4,0cce92e2-6f6e-43fb-bffb-01a78431542c
4529b299-4409-4277-81ee-ca838bd782e5,b91189e3-47b3-44b1-a685-0252e97c7d1c,2024-07-08 05:11:34,b91189e3-47b3-44b1-a685-0252e97c7d1c,2024-07-08 04:20:22,Building.jpg,IconicWorkerUserImages/1fb40242-98c2-417c-8585-e0d55e0b4a9b,68f7002e-49c0-4cad-8b79-87c4c26bf34a
46492710-8d53-4156-b3b1-9f15277e7416,c8367fc3-d459-4b83-b48b-37521e6d4795,2024-08-02 04:28:42,c8367fc3-d459-4b83-b48b-37521e6d4795,2024-06-29 05:49:41,2024-05-20T16_17_38.png,IconicWorkerUserImages/8b170f3d-de93-40e1-b4fc-c5b934170ba4,d8a33614-1b8a-41ed-988c-20fb51b7c309
483ef19e-2ec4-467c-bca0-9cacdf1dec7f,b91189e3-47b3-44b1-a685-0252e97c7d1c,2024-07-08 12:20:48,b91189e3-47b3-44b1-a685-0252e97c7d1c,2024-04-19 09:05:52,WordPress_Demo_Content.jpg,IconicWorkerUserImages/b62e5980-466a-4a20-a913-8a44fa165c76,a367a58c-ec2e-4e29-ae59-a2a9ce65db0e
49c0c04f-589d-45e4-9a6e-2fc25368ad82,b91189e3-47b3-44b1-a685-0252e97c7d1c,2024-07-08 05:11:34,b91189e3-47b3-44b1-a685-0252e97c7d1c,2024-07-08 04:20:22,SamplePDFFile_5mb.pdf,IconicWorkerUserImages/13e55e94-7483-4832-b93b-526a2a35ccb9,68f7002e-49c0-4cad-8b79-87c4c26bf34a
4bb3f7dd-65d6-4b05-a59c-48bf209ba0da,c8367fc3-d459-4b83-b48b-37521e6d4795,2024-03-04 12:15:26,c8367fc3-d459-4b83-b48b-37521e6d4795,2024-03-04 12:15:26,sample.pdf,IconicWorkerUserImages/6ced54f9-aa1f-4ae7-82a4-43d4777d95aa,a9fc93fa-77fe-47cf-8c34-177559102bb7
4be9f94c-4aea-475f-a844-e19077490c0a,c8367fc3-d459-4b83-b48b-37521e6d4795,2024-08-23 05:57:09,c8367fc3-d459-4b83-b48b-37521e6d4795,2024-06-29 05:49:50,2024-05-20T16_17_28.png,IconicWorkerUserImages/df6d9005-0e76-4193-9328-a85ef13689c4,8f2ce9f9-9150-457f-abac-4384dcf4bc73
4d5c6c77-4322-42fc-aba1-6bf42bbb1f0e,b91189e3-47b3-44b1-a685-0252e97c7d1c,2024-07-08 05:11:34,b91189e3-47b3-44b1-a685-0252e97c7d1c,2024-07-08 04:20:22,SampleVideo_1280x720_1mb (1).mp4,IconicWorkerUserImages/c50551b4-42fb-4a0b-95b9-b4aa4370abfc,68f7002e-49c0-4cad-8b79-87c4c26bf34a
4fb07aa2-9ea3-4f8a-b92b-c87780748c51,b91189e3-47b3-44b1-a685-0252e97c7d1c,2024-07-05 11:22:01,b91189e3-47b3-44b1-a685-0252e97c7d1c,2024-04-19 09:05:52,th.jpg,IconicWorkerUserImages/e592b232-5757-4e78-98da-468ea1247a5e,93a5fc6b-ad17-4ab0-ab98-7648351fe2f8
531e74f6-ceb1-42cc-90b6-b66396385acc,c8367fc3-d459-4b83-b48b-37521e6d4795,2025-04-14 05:50:07,c8367fc3-d459-4b83-b48b-37521e6d4795,2024-06-29 05:49:50,2024-05-20T16_17_28.png,IconicWorkerUserImages/df6d9005-0e76-4193-9328-a85ef13689c4,fb2cd620-47a1-46d8-a0c2-e470f8bd6b7e
559b7307-1fe7-4ee0-861c-de5f8665e998,c8367fc3-d459-4b83-b48b-37521e6d4795,2024-03-08 12:30:05,c8367fc3-d459-4b83-b48b-37521e6d4795,2024-03-04 10:14:01,file_example_XLSX_10.xlsx,IconicWorkerUserImages/efbe399a-f27a-49f5-b2f6-cf2b09a17d59,f3a103fe-90da-49c9-a9fe-24cb659a73b6
55ec63ae-a895-435d-98e7-044c3bf2ecd4,c8367fc3-d459-4b83-b48b-37521e6d4795,2024-08-22 11:11:21,c8367fc3-d459-4b83-b48b-37521e6d4795,2024-06-29 05:49:50,2024-05-20T16_17_28.png,IconicWorkerUserImages/df6d9005-0e76-4193-9328-a85ef13689c4,52a303bb-12b8-4cfc-ab6f-b7a46571ed0b
5610938a-9fd5-42ac-8604-a0515ce5f3d8,c8367fc3-d459-4b83-b48b-37521e6d4795,2024-04-18 06:46:59,c8367fc3-d459-4b83-b48b-37521e6d4795,2024-04-18 06:34:58,sample.pdf,IconicWorkerUserImages/c8b0fd84-493c-42cb-84e0-87ac50d8fa2d,db8b27cc-07e5-4b51-91d6-7831d61fc365
566b3ff9-2fc9-48f4-bfde-40ca60a2d099,b91189e3-47b3-44b1-a685-0252e97c7d1c,2024-07-08 12:20:48,b91189e3-47b3-44b1-a685-0252e97c7d1c,2024-04-19 09:05:52,th.jpg,IconicWorkerUserImages/e592b232-5757-4e78-98da-468ea1247a5e,a367a58c-ec2e-4e29-ae59-a2a9ce65db0e
567c3e2d-72c2-4b93-a7e4-91f35cdd21da,b91189e3-47b3-44b1-a685-0252e97c7d1c,2024-04-23 04:28:00,b91189e3-47b3-44b1-a685-0252e97c7d1c,2024-04-23 04:28:00,SamplePNGImage_5mbmb.png,IconicWorkerUserImages/e06f9e9f-13ff-402a-9773-e9acce81c1a3,feacb584-f45b-4265-8568-4bce7584ee00
576ae558-d253-446c-82a8-1cc8dbbbadc5,b91189e3-47b3-44b1-a685-0252e97c7d1c,2024-04-25 03:48:31,b91189e3-47b3-44b1-a685-0252e97c7d1c,2024-04-23 04:28:00,SampleXLSFile_904kb.xls,IconicWorkerUserImages/a3096b60-80d4-4e03-9a02-05fd5c0bd9a4,1318e060-39b4-4d37-acda-ce6e51c474d5
587021af-e24d-4f77-a0f7-c2e1af1825e0,b91189e3-47b3-44b1-a685-0252e97c7d1c,2024-04-19 09:25:53,b91189e3-47b3-44b1-a685-0252e97c7d1c,2024-04-19 09:02:50,SampleAudio_0.4mb.mp3,IconicWorkerUserImages/e648c6ef-ed4e-47d5-9d17-03b7ad9e4e0f,02ed7cca-a506-4977-8e74-c9a17b64cf61
59073486-6f78-4dd8-b204-779644f3fb52,b91189e3-47b3-44b1-a685-0252e97c7d1c,2024-07-08 10:32:39,b91189e3-47b3-44b1-a685-0252e97c7d1c,2024-07-08 04:20:22,SamplePDFFile_5mb.pdf,IconicWorkerUserImages/13e55e94-7483-4832-b93b-526a2a35ccb9,003ec9d3-79a4-4275-9cdb-a3e33ba4ab47
5951c34d-ae41-442a-88b6-74f6537e8855,b91189e3-47b3-44b1-a685-0252e97c7d1c,2024-04-25 04:11:38,b91189e3-47b3-44b1-a685-0252e97c7d1c,2024-04-19 09:05:52,WordPress_Demo_Content.jpg,IconicWorkerUserImages/b62e5980-466a-4a20-a913-8a44fa165c76,3dfa094f-b839-4034-8f9f-f6ffddfac5b2
59e843bb-9f98-4071-8475-629f16b7a169,c8367fc3-d459-4b83-b48b-37521e6d4795,2024-05-17 05:00:59,c8367fc3-d459-4b83-b48b-37521e6d4795,2024-05-01 11:19:28,IW_2024_9837739.pdf,IconicWorkerUserImages/5841e06d-a958-41c9-b9af-e7add3abc8e2,d78cd47b-b779-4cdb-a33c-380db67a5906
5a303c65-6157-494f-8963-f6928d06993e,c8367fc3-d459-4b83-b48b-37521e6d4795,2024-07-15 12:06:18,c8367fc3-d459-4b83-b48b-37521e6d4795,2024-06-29 05:49:41,2024-05-20T16_17_38.png,IconicWorkerUserImages/8b170f3d-de93-40e1-b4fc-c5b934170ba4,a678327d-b495-4dc0-b4de-4ef1000620a4
5adec48b-682f-44ea-9bc0-a8ce452d0ad7,c8367fc3-d459-4b83-b48b-37521e6d4795,2024-07-01 12:28:07,c8367fc3-d459-4b83-b48b-37521e6d4795,2024-06-29 05:49:50,2024-05-20T16_17_28.png,IconicWorkerUserImages/df6d9005-0e76-4193-9328-a85ef13689c4,c14c0f3b-9b84-47c4-9ea1-2359d8d00da4
5b7b0eb3-8b4d-4b3b-9b20-b8a953264364,c8367fc3-d459-4b83-b48b-37521e6d4795,2024-04-18 06:32:23,c8367fc3-d459-4b83-b48b-37521e6d4795,2024-04-18 06:32:23,SamplePNGImage_100kbmb.png,IconicWorkerUserImages/0f2f6db1-b25c-46d5-954f-f83db5b7859c,989fdb44-0c9e-4111-b7ea-7d63172a118e
5bf41b70-e26a-47dc-985a-3319a5430037,b91189e3-47b3-44b1-a685-0252e97c7d1c,2024-04-19 10:16:21,b91189e3-47b3-44b1-a685-0252e97c7d1c,2024-04-19 09:02:50,SamplePNGImage_100kbmb.png,IconicWorkerUserImages/363acc38-8cb0-4b94-babb-43e726a2538a,cbc0a92d-0845-4a3e-b182-4dace7dbf3a1
5d63b817-18ec-4494-b01a-2f99c4e6387b,b91189e3-47b3-44b1-a685-0252e97c7d1c,2024-04-19 10:39:11,b91189e3-47b3-44b1-a685-0252e97c7d1c,2024-04-19 09:02:50,SamplePNGImage_100kbmb.png,IconicWorkerUserImages/363acc38-8cb0-4b94-babb-43e726a2538a,7a5a88cf-b63a-4963-a912-80aa29bf318e
5e676344-23b4-488c-a321-5c709719dd25,b91189e3-47b3-44b1-a685-0252e97c7d1c,2024-04-25 04:11:38,b91189e3-47b3-44b1-a685-0252e97c7d1c,2024-04-19 09:02:50,Sample-Spreadsheet-10-rows.xls,IconicWorkerUserImages/0988d0c8-9513-4ba4-ac2b-993d46c4cebc,645c5a29-7ba3-407a-ad0e-9cdf786dff09
5f02c864-7b56-4994-a796-f15893dbe83b,c8367fc3-d459-4b83-b48b-37521e6d4795,2024-07-04 04:10:36,c8367fc3-d459-4b83-b48b-37521e6d4795,2024-06-29 05:49:41,2024-05-20T16_17_38.png,IconicWorkerUserImages/8b170f3d-de93-40e1-b4fc-c5b934170ba4,6b1719aa-460c-460d-9ee6-e1987fac3bf1
5f1abf55-7328-4163-a23d-07eb5296c5df,c8367fc3-d459-4b83-b48b-37521e6d4795,2024-06-27 05:34:17,c8367fc3-d459-4b83-b48b-37521e6d4795,2024-06-27 05:34:17,WordPress_Demo_Content.jpg,IconicWorkerUserImages/86acf52f-c5c0-4d9e-9a71-17b214cb2f76,1c957d80-fbad-4567-89e2-3fa950d0558c
605e9f54-7e03-453d-a8e8-b367c38cebdb,b91189e3-47b3-44b1-a685-0252e97c7d1c,2024-04-25 03:48:31,b91189e3-47b3-44b1-a685-0252e97c7d1c,2024-04-23 04:28:00,SampleAudio_0.7mb.mp3,IconicWorkerUserImages/d2de4be8-23f3-493d-aef3-13f087799eb6,1318e060-39b4-4d37-acda-ce6e51c474d5
607d431e-580d-46f9-a8b3-d62aa8f01394,c8367fc3-d459-4b83-b48b-37521e6d4795,2024-05-17 04:21:51,c8367fc3-d459-4b83-b48b-37521e6d4795,2024-05-01 11:19:28,IW_2024_9837739.pdf,IconicWorkerUserImages/5841e06d-a958-41c9-b9af-e7add3abc8e2,2219cb4b-279d-41cd-bd89-66e04ffcb34a
60d00a56-797e-48d5-8133-594a81cc8fc9,c8367fc3-d459-4b83-b48b-37521e6d4795,2024-07-18 06:05:12,c8367fc3-d459-4b83-b48b-37521e6d4795,2024-06-29 05:49:50,2024-05-20T16_17_28.png,IconicWorkerUserImages/df6d9005-0e76-4193-9328-a85ef13689c4,d9911648-40ce-4e56-839d-7d11f2861d22
6175d033-f3a0-4fc5-a66d-698e9658b476,c8367fc3-d459-4b83-b48b-37521e6d4795,2024-08-20 08:52:32,c8367fc3-d459-4b83-b48b-37521e6d4795,2024-06-29 05:49:50,2024-05-20T16_17_28.png,IconicWorkerUserImages/df6d9005-0e76-4193-9328-a85ef13689c4,51e24d93-d612-4971-987e-d6a8d3ae081c
625be5e2-aed8-4aaf-bd42-042663492364,c8367fc3-d459-4b83-b48b-37521e6d4795,2024-03-05 03:39:38,c8367fc3-d459-4b83-b48b-37521e6d4795,2024-03-05 03:39:38,Home.jpg,IconicWorkerUserImages/e2206e51-43dc-420b-a218-b550e51d5527,cdc80794-58dd-414d-ba92-08bf5d366687
62e82164-8565-456e-8900-b849ed328dde,b91189e3-47b3-44b1-a685-0252e97c7d1c,2024-04-18 08:39:48,b91189e3-47b3-44b1-a685-0252e97c7d1c,2024-04-18 07:08:27,SamplePNGImage_100kbmb.png,IconicWorkerUserImages/0d279a68-49f0-41d7-a057-0ecfa7c217e7,3bb4bb1e-a5dc-4c51-b622-6dd237599aab
645749f8-eaf0-4621-8275-0d43f8dc8aba,b91189e3-47b3-44b1-a685-0252e97c7d1c,2024-07-08 10:19:52,b91189e3-47b3-44b1-a685-0252e97c7d1c,2024-07-08 04:20:22,SampleVideo_1280x720_1mb (1).mp4,IconicWorkerUserImages/c50551b4-42fb-4a0b-95b9-b4aa4370abfc,a7c93548-4947-48cf-ae08-d66288e35697
64a3d392-e7d0-47be-8c89-4d05b43d700c,b91189e3-47b3-44b1-a685-0252e97c7d1c,2024-07-09 09:54:21,b91189e3-47b3-44b1-a685-0252e97c7d1c,2024-07-08 04:20:22,Building.jpg,IconicWorkerUserImages/1fb40242-98c2-417c-8585-e0d55e0b4a9b,6eaf1d8c-2528-4044-840d-ae45d67aeb1e
65a8559b-a25b-4c14-80d3-48bf8833f8a2,c8367fc3-d459-4b83-b48b-37521e6d4795,2024-04-18 06:34:58,c8367fc3-d459-4b83-b48b-37521e6d4795,2024-04-18 06:34:58,SampleVideo_1280x720_2mb.mp4,IconicWorkerUserImages/365fb82a-d439-4b92-921c-fef3921b0dce,15dba020-0c20-4d17-b8c7-02203ae3250a
66405ac6-9329-4195-bf31-fde8c8517953,c8367fc3-d459-4b83-b48b-37521e6d4795,2024-08-06 04:45:17,c8367fc3-d459-4b83-b48b-37521e6d4795,2024-06-29 05:49:50,2024-05-20T16_17_28.png,IconicWorkerUserImages/df6d9005-0e76-4193-9328-a85ef13689c4,403ca097-4007-4ae6-8ccd-fc962902740e
66638a1a-b053-48d3-a826-d9e7c7368a8c,b91189e3-47b3-44b1-a685-0252e97c7d1c,2024-07-16 04:11:29,b91189e3-47b3-44b1-a685-0252e97c7d1c,2024-07-16 04:11:29,sample.pdf,IconicWorkerUserImages/293c8a3b-ab69-4b61-9271-795e1940a285,c1bec925-b8a7-4a2d-b5ca-d9cc7081caaa
673b525e-63d1-414a-8d1f-25cb3dd11f0a,b91189e3-47b3-44b1-a685-0252e97c7d1c,2024-07-08 11:39:24,b91189e3-47b3-44b1-a685-0252e97c7d1c,2024-07-08 04:20:22,Building.jpg,IconicWorkerUserImages/1fb40242-98c2-417c-8585-e0d55e0b4a9b,c83c31c8-aba1-44c7-ac41-a2a5c178700e
67c95405-d1da-4cae-bdad-25bbf77c96c3,b91189e3-47b3-44b1-a685-0252e97c7d1c,2024-07-08 04:20:22,b91189e3-47b3-44b1-a685-0252e97c7d1c,2024-07-08 04:20:22,SampleXLSFile_38kb.xls,IconicWorkerUserImages/7513624f-65d8-4985-8219-3638286d281c,a29f47ec-f8ee-4ae8-b78d-122f243d2048
68bbaed5-a6ce-427e-9fcc-e8ed13510251,c8367fc3-d459-4b83-b48b-37521e6d4795,2024-08-22 10:59:09,c8367fc3-d459-4b83-b48b-37521e6d4795,2024-06-29 05:49:50,2024-05-20T16_17_28.png,IconicWorkerUserImages/df6d9005-0e76-4193-9328-a85ef13689c4,d4f79243-0f7f-41d9-a8b2-39b7437ef206
68cfeb48-f308-43d3-834c-4e185459321a,b91189e3-47b3-44b1-a685-0252e97c7d1c,2024-07-08 12:20:48,b91189e3-47b3-44b1-a685-0252e97c7d1c,2024-04-19 09:02:50,SamplePNGImage_100kbmb.png,IconicWorkerUserImages/363acc38-8cb0-4b94-babb-43e726a2538a,6480390a-1507-4e81-955f-21586e79d9d3
6944b68b-fa12-48d8-a322-8984d5bf4206,c8367fc3-d459-4b83-b48b-37521e6d4795,2024-03-04 10:51:49,c8367fc3-d459-4b83-b48b-37521e6d4795,2024-03-04 10:51:49,SampleVideo_1280x720_5mb.mp4,IconicWorkerUserImages/6ce497c8-1e89-4abb-b634-1580e0a06403,0a06a792-10c9-4631-9a56-7bc9207bcfc1
69598084-a437-4c3c-83fb-c3acc6e3daa9,b91189e3-47b3-44b1-a685-0252e97c7d1c,2024-07-08 12:14:40,b91189e3-47b3-44b1-a685-0252e97c7d1c,2024-07-08 04:20:22,Building.jpg,IconicWorkerUserImages/1fb40242-98c2-417c-8585-e0d55e0b4a9b,d1cb48d1-32a7-4a09-bf81-a2a2e19dd403
6a2497f7-2003-4f02-80cf-3ebfcd2b3bd7,c8367fc3-d459-4b83-b48b-37521e6d4795,2024-07-15 05:55:09,c8367fc3-d459-4b83-b48b-37521e6d4795,2024-06-29 05:49:41,2024-05-20T16_17_38.png,IconicWorkerUserImages/8b170f3d-de93-40e1-b4fc-c5b934170ba4,c63e08c0-f49f-4ffe-aa78-ec574e2d54a1
6b5cc3b5-f14c-4150-83a2-1d1465ba8e62,c8367fc3-d459-4b83-b48b-37521e6d4795,2024-07-03 09:55:49,c8367fc3-d459-4b83-b48b-37521e6d4795,2024-07-03 09:55:49,2024-05-20T16_17_38.png,IconicWorkerUserImages/652a40f6-3a87-40e9-ad6b-5c39ed11beaa,3f76cda6-2418-474e-86c3-981bc3e0e23d
6bd04901-57e2-457b-9d14-166a5eb40ad5,b91189e3-47b3-44b1-a685-0252e97c7d1c,2024-04-19 09:25:53,b91189e3-47b3-44b1-a685-0252e97c7d1c,2024-04-19 09:02:50,SamplePNGImage_100kbmb.png,IconicWorkerUserImages/363acc38-8cb0-4b94-babb-43e726a2538a,02ed7cca-a506-4977-8e74-c9a17b64cf61
6bffff21-ef4b-4712-a058-fdf25d939f0f,c8367fc3-d459-4b83-b48b-37521e6d4795,2025-04-17 05:13:31,c8367fc3-d459-4b83-b48b-37521e6d4795,2024-06-29 05:49:41,2024-05-20T16_17_38.png,IconicWorkerUserImages/8b170f3d-de93-40e1-b4fc-c5b934170ba4,2226d670-c62b-45e4-876c-eef4594d7418
6c69ca22-25ce-45c4-9819-9e44df18ac6a,c8367fc3-d459-4b83-b48b-37521e6d4795,2024-03-05 03:39:38,c8367fc3-d459-4b83-b48b-37521e6d4795,2024-03-05 03:39:38,th.jpg,IconicWorkerUserImages/b62242ff-1a0c-48e0-907a-a6318469898a,cdc80794-58dd-414d-ba92-08bf5d366687
6cdb8f6b-7319-4fd0-82ed-7941b1194061,b91189e3-47b3-44b1-a685-0252e97c7d1c,2024-04-18 07:11:06,b91189e3-47b3-44b1-a685-0252e97c7d1c,2024-04-18 07:11:06,SamplePNGImage_5mbmb.png,IconicWorkerUserImages/67bb3a98-fc36-482e-bd6d-a8080866a521,d26cb807-4171-4f5b-afca-eb5efc5284c4
6f7d9f45-7d11-4107-a2c6-9a4ba392fe3e,c8367fc3-d459-4b83-b48b-37521e6d4795,2024-08-16 11:59:24,c8367fc3-d459-4b83-b48b-37521e6d4795,2024-06-29 05:49:41,2024-05-20T16_17_38.png,IconicWorkerUserImages/8b170f3d-de93-40e1-b4fc-c5b934170ba4,9311cb56-3f0c-47e1-81d1-9d199b49ddcf
6fbc9cde-1a6d-47fa-a143-2b8db6362e21,c8367fc3-d459-4b83-b48b-37521e6d4795,2025-04-14 09:08:43,c8367fc3-d459-4b83-b48b-37521e6d4795,2024-06-29 05:49:41,2024-05-20T16_17_38.png,IconicWorkerUserImages/8b170f3d-de93-40e1-b4fc-c5b934170ba4,9e467c56-ec10-4608-b795-35e46f7c13c0
7074e914-3858-4993-916b-822feb904000,c8367fc3-d459-4b83-b48b-37521e6d4795,2025-04-17 05:13:31,c8367fc3-d459-4b83-b48b-37521e6d4795,2024-06-29 05:49:50,2024-05-20T16_17_28.png,IconicWorkerUserImages/df6d9005-0e76-4193-9328-a85ef13689c4,05815f69-27fc-43de-8db5-be90e702ed59
7293e89b-2a94-45f4-94a2-8fdb096349b5,b91189e3-47b3-44b1-a685-0252e97c7d1c,2024-07-08 12:14:40,b91189e3-47b3-44b1-a685-0252e97c7d1c,2024-07-08 04:20:22,SamplePDFFile_5mb.pdf,IconicWorkerUserImages/13e55e94-7483-4832-b93b-526a2a35ccb9,d1cb48d1-32a7-4a09-bf81-a2a2e19dd403
74b57764-2193-427b-add0-660f5d3275c1,c8367fc3-d459-4b83-b48b-37521e6d4795,2024-06-26 05:01:18,c8367fc3-d459-4b83-b48b-37521e6d4795,2024-06-26 05:01:18,QueryForNotification.txt,IconicWorkerUserImages/7f58cacb-352b-43ee-916b-49eb82cb53cf,cbc7000e-bf7e-4d49-b3d6-bddfc8748ebf
7689260f-869e-4fc4-ba15-643f48585880,c8367fc3-d459-4b83-b48b-37521e6d4795,2024-02-27 04:04:26,c8367fc3-d459-4b83-b48b-37521e6d4795,2024-02-27 04:04:26,SamplePNGImage_1mbmb.png,IconicWorkerUserImages/6953151b-726f-49fe-911c-65f412aaf1fe,0ba94898-3e31-4532-aebe-aee5e45ca399
77687476-71ad-494c-9cb2-2e2bfc71e897,c8367fc3-d459-4b83-b48b-37521e6d4795,2024-03-04 12:15:26,c8367fc3-d459-4b83-b48b-37521e6d4795,2024-03-04 12:15:26,Bunglow.jpg,IconicWorkerUserImages/855b9b68-2cdb-4ae3-bd93-a43c20d45af2,a9fc93fa-77fe-47cf-8c34-177559102bb7
77c864d5-48ed-4c6d-9e48-9605547e538b,c8367fc3-d459-4b83-b48b-37521e6d4795,2024-04-18 06:46:59,c8367fc3-d459-4b83-b48b-37521e6d4795,2024-04-18 06:32:23,SamplePNGImage_100kbmb.png,IconicWorkerUserImages/0f2f6db1-b25c-46d5-954f-f83db5b7859c,5a059381-8831-49ed-a21d-0c6c87c65fc9
79aac6a7-496b-4e04-9343-8e7c373fa070,c8367fc3-d459-4b83-b48b-37521e6d4795,2025-04-17 04:26:04,c8367fc3-d459-4b83-b48b-37521e6d4795,2024-06-29 05:49:50,2024-05-20T16_17_28.png,IconicWorkerUserImages/df6d9005-0e76-4193-9328-a85ef13689c4,03d7a55a-c510-42f4-a7ce-a864f0c5c51a
7a6a8e93-be32-4ff4-952b-0e94f82996aa,b91189e3-47b3-44b1-a685-0252e97c7d1c,2024-07-08 10:32:39,b91189e3-47b3-44b1-a685-0252e97c7d1c,2024-07-08 04:20:22,SampleVideo_1280x720_1mb (1).mp4,IconicWorkerUserImages/c50551b4-42fb-4a0b-95b9-b4aa4370abfc,003ec9d3-79a4-4275-9cdb-a3e33ba4ab47
7ac4651d-5d12-44d0-98e8-face411ce5f2,b91189e3-47b3-44b1-a685-0252e97c7d1c,2024-07-05 11:22:01,b91189e3-47b3-44b1-a685-0252e97c7d1c,2024-04-19 09:02:50,SamplePNGImage_100kbmb.png,IconicWorkerUserImages/363acc38-8cb0-4b94-babb-43e726a2538a,d29ccded-e86a-4646-beaf-ada7cbccbeb6
7c565cf7-a360-4ff7-94ab-af0ffb54a1d4,b91189e3-47b3-44b1-a685-0252e97c7d1c,2024-04-18 08:39:48,b91189e3-47b3-44b1-a685-0252e97c7d1c,2024-04-18 07:08:26,SampleAudio_0.7mb.mp3,IconicWorkerUserImages/330a0624-ecd8-4ecc-b1d9-050e3f37ee31,3bb4bb1e-a5dc-4c51-b622-6dd237599aab
7f937f2e-46df-4fac-a75d-01669ca42bd0,c8367fc3-d459-4b83-b48b-37521e6d4795,2024-08-22 11:56:30,c8367fc3-d459-4b83-b48b-37521e6d4795,2024-06-29 05:49:41,2024-05-20T16_17_38.png,IconicWorkerUserImages/8b170f3d-de93-40e1-b4fc-c5b934170ba4,62f06f4c-91af-410b-af74-bb710b8bd5cc
83da1416-3829-41d7-b77b-15f1ebf94f55,c8367fc3-d459-4b83-b48b-37521e6d4795,2024-08-02 04:28:42,c8367fc3-d459-4b83-b48b-37521e6d4795,2024-06-29 05:49:50,2024-05-20T16_17_28.png,IconicWorkerUserImages/df6d9005-0e76-4193-9328-a85ef13689c4,473a6d97-ec90-491d-9684-15b89f700446
88400365-aa2c-482e-a65a-8bed14cee9d0,b91189e3-47b3-44b1-a685-0252e97c7d1c,2024-07-08 10:32:39,b91189e3-47b3-44b1-a685-0252e97c7d1c,2024-07-08 04:20:22,SampleXLSFile_38kb.xls,IconicWorkerUserImages/7513624f-65d8-4985-8219-3638286d281c,003ec9d3-79a4-4275-9cdb-a3e33ba4ab47
889b398a-33a0-4e26-80d6-b6e72e9f1707,c8367fc3-d459-4b83-b48b-37521e6d4795,2024-08-16 11:59:25,c8367fc3-d459-4b83-b48b-37521e6d4795,2024-06-29 05:49:50,2024-05-20T16_17_28.png,IconicWorkerUserImages/df6d9005-0e76-4193-9328-a85ef13689c4,cd27264b-e885-4fe1-aeb3-b9d3d7c331f1
88cf91d1-ca87-445b-8bff-a08a181fb4c2,c8367fc3-d459-4b83-b48b-37521e6d4795,2024-03-04 10:14:01,c8367fc3-d459-4b83-b48b-37521e6d4795,2024-03-04 10:14:01,file_example_XLSX_10.xlsx,IconicWorkerUserImages/efbe399a-f27a-49f5-b2f6-cf2b09a17d59,1fb703eb-3655-4360-bd69-f09fde39b773
89d9dc3b-5982-4045-9ea5-1fa5d2bba526,b91189e3-47b3-44b1-a685-0252e97c7d1c,2024-07-09 09:54:21,b91189e3-47b3-44b1-a685-0252e97c7d1c,2024-07-08 04:20:22,SamplePDFFile_5mb.pdf,IconicWorkerUserImages/13e55e94-7483-4832-b93b-526a2a35ccb9,6eaf1d8c-2528-4044-840d-ae45d67aeb1e
8b7d1335-1a32-4844-b50e-e91810625636,b91189e3-47b3-44b1-a685-0252e97c7d1c,2024-07-08 05:11:34,b91189e3-47b3-44b1-a685-0252e97c7d1c,2024-07-08 04:20:22,SampleXLSFile_38kb.xls,IconicWorkerUserImages/7513624f-65d8-4985-8219-3638286d281c,68f7002e-49c0-4cad-8b79-87c4c26bf34a
8ca3e80c-c362-4b15-961e-baca62b87e86,b91189e3-47b3-44b1-a685-0252e97c7d1c,2024-07-09 09:54:21,b91189e3-47b3-44b1-a685-0252e97c7d1c,2024-07-08 04:20:22,SampleAudio_0.4mb.mp3,IconicWorkerUserImages/9d2c41e4-1933-4e1f-a655-5e609c542766,6eaf1d8c-2528-4044-840d-ae45d67aeb1e
8cfdd9d1-4680-446a-9140-e3def35ab8eb,b91189e3-47b3-44b1-a685-0252e97c7d1c,2024-04-19 09:02:50,b91189e3-47b3-44b1-a685-0252e97c7d1c,2024-04-19 09:02:50,Sample-Spreadsheet-10-rows.xls,IconicWorkerUserImages/0988d0c8-9513-4ba4-ac2b-993d46c4cebc,94d74a2c-b1ad-47fa-a404-466ec6a85d6d
8d43cab5-7c50-4fdb-8d3f-add7173ca184,c8367fc3-d459-4b83-b48b-37521e6d4795,2024-08-20 08:52:32,c8367fc3-d459-4b83-b48b-37521e6d4795,2024-06-29 05:49:41,2024-05-20T16_17_38.png,IconicWorkerUserImages/8b170f3d-de93-40e1-b4fc-c5b934170ba4,c4e5a7ce-f9cb-40ca-af34-43fe1269223d
8d834422-2f46-4366-8c25-9392a2994ea3,c8367fc3-d459-4b83-b48b-37521e6d4795,2024-06-10 03:59:56,c8367fc3-d459-4b83-b48b-37521e6d4795,2024-05-28 04:01:14,GET clientProfile_verify-completion API .txt,IconicWorkerUserImages/6a76cd63-609e-4db4-8eb2-01db86e11697,e0e0e797-b77a-4892-9457-698d68e95ec9
8e836395-a94e-4441-bca7-e826bb16938b,c8367fc3-d459-4b83-b48b-37521e6d4795,2024-06-27 05:34:16,c8367fc3-d459-4b83-b48b-37521e6d4795,2024-06-27 05:34:16,woman-1509956_960_720.jpg,IconicWorkerUserImages/67426fd4-5c68-4969-b63f-cd76a60e4ac4,1c957d80-fbad-4567-89e2-3fa950d0558c
8eedbe5e-519c-4633-9b5f-e44df689ba3f,c8367fc3-d459-4b83-b48b-37521e6d4795,2024-03-05 06:21:42,c8367fc3-d459-4b83-b48b-37521e6d4795,2024-03-05 06:21:42,Bunglow.jpg,IconicWorkerUserImages/e8ea1d59-ec59-4b0d-b764-13f34477a8df,a134e753-f96d-4986-ba30-e2e2d43af7a4
8f198abb-1311-4a7a-b975-4994a4ebbf05,c8367fc3-d459-4b83-b48b-37521e6d4795,2024-04-18 08:52:35,c8367fc3-d459-4b83-b48b-37521e6d4795,2024-04-18 06:32:23,images.png,IconicWorkerUserImages/7d256242-8c43-4dab-b491-3f6884aadbe8,41ac9fc2-d389-4931-9fce-f6bb7b9a8659
8f29138d-e4e8-4b3d-a711-e60a6b3854ac,b91189e3-47b3-44b1-a685-0252e97c7d1c,2024-07-08 12:20:48,b91189e3-47b3-44b1-a685-0252e97c7d1c,2024-04-19 09:02:50,Sample-Spreadsheet-10-rows.xls,IconicWorkerUserImages/0988d0c8-9513-4ba4-ac2b-993d46c4cebc,6480390a-1507-4e81-955f-21586e79d9d3
8f5488bf-9a70-4061-bca3-deb5959df5b3,c8367fc3-d459-4b83-b48b-37521e6d4795,2024-07-12 12:06:03,c8367fc3-d459-4b83-b48b-37521e6d4795,2024-06-29 05:49:41,2024-05-20T16_17_38.png,IconicWorkerUserImages/8b170f3d-de93-40e1-b4fc-c5b934170ba4,45e6bcf0-41fc-4068-b3f3-328e2ee8cccf
907c84b6-1328-45ef-8a09-11fbbf1af021,b91189e3-47b3-44b1-a685-0252e97c7d1c,2024-07-08 04:20:22,b91189e3-47b3-44b1-a685-0252e97c7d1c,2024-07-08 04:20:22,SampleAudio_0.4mb.mp3,IconicWorkerUserImages/9d2c41e4-1933-4e1f-a655-5e609c542766,a29f47ec-f8ee-4ae8-b78d-122f243d2048
90ae8ab8-0ad4-4da2-8c88-36a541318568,c8367fc3-d459-4b83-b48b-37521e6d4795,2024-07-18 05:53:48,c8367fc3-d459-4b83-b48b-37521e6d4795,2024-06-29 05:49:41,2024-05-20T16_17_38.png,IconicWorkerUserImages/8b170f3d-de93-40e1-b4fc-c5b934170ba4,50ff6a72-41fc-4eab-8586-d20191f01dd9
911fa721-748c-4cf3-b760-7be9c2d57e96,b91189e3-47b3-44b1-a685-0252e97c7d1c,2024-07-08 10:19:51,b91189e3-47b3-44b1-a685-0252e97c7d1c,2024-07-08 04:20:22,SampleAudio_0.4mb.mp3,IconicWorkerUserImages/9d2c41e4-1933-4e1f-a655-5e609c542766,a7c93548-4947-48cf-ae08-d66288e35697
91446046-1490-4f11-9d52-1a63aaab261a,c8367fc3-d459-4b83-b48b-37521e6d4795,2024-08-06 04:45:17,c8367fc3-d459-4b83-b48b-37521e6d4795,2024-06-29 05:49:41,2024-05-20T16_17_38.png,IconicWorkerUserImages/8b170f3d-de93-40e1-b4fc-c5b934170ba4,feaebcaa-cf52-409f-ae9d-d2c136c5cad2
916d4a6c-1a41-4b61-8c5e-864c1c11cdd4,c8367fc3-d459-4b83-b48b-37521e6d4795,2024-08-01 11:53:59,c8367fc3-d459-4b83-b48b-37521e6d4795,2024-06-29 05:49:41,2024-05-20T16_17_38.png,IconicWorkerUserImages/8b170f3d-de93-40e1-b4fc-c5b934170ba4,08faf918-0ad1-4865-b021-3e31803e3778
92362ddc-eece-42cd-b1f7-0ddc23461a9d,c8367fc3-d459-4b83-b48b-37521e6d4795,2024-08-07 11:20:01,c8367fc3-d459-4b83-b48b-37521e6d4795,2024-06-29 05:49:50,2024-05-20T16_17_28.png,IconicWorkerUserImages/df6d9005-0e76-4193-9328-a85ef13689c4,4a2ad588-cb7f-43bb-b50c-1de22190f638
92924c1d-1568-4935-bb4d-5e972b37d344,b91189e3-47b3-44b1-a685-0252e97c7d1c,2024-04-23 04:28:00,b91189e3-47b3-44b1-a685-0252e97c7d1c,2024-04-23 04:28:00,manual-testing-2-years-exp.doc,IconicWorkerUserImages/d2ce9ffe-dcff-411e-962c-aa463a34a4ea,feacb584-f45b-4265-8568-4bce7584ee00
92994bd7-edd7-4bbf-9eec-5b4e2e230f6b,b91189e3-47b3-44b1-a685-0252e97c7d1c,2024-04-23 08:48:58,b91189e3-47b3-44b1-a685-0252e97c7d1c,2024-04-23 04:28:00,SamplePNGImage_5mbmb.png,IconicWorkerUserImages/e06f9e9f-13ff-402a-9773-e9acce81c1a3,d7a09fd1-cdb7-4d2b-8b8e-45cbb2b5417c
93be72ca-ff4e-480e-a80a-5345a5e05ee2,b91189e3-47b3-44b1-a685-0252e97c7d1c,2024-04-25 04:11:38,b91189e3-47b3-44b1-a685-0252e97c7d1c,2024-04-19 09:02:50,SamplePNGImage_100kbmb.png,IconicWorkerUserImages/363acc38-8cb0-4b94-babb-43e726a2538a,645c5a29-7ba3-407a-ad0e-9cdf786dff09
9459bfe7-cc58-4a54-ba0e-32108d7a54f7,b91189e3-47b3-44b1-a685-0252e97c7d1c,2024-07-08 11:39:24,b91189e3-47b3-44b1-a685-0252e97c7d1c,2024-07-08 04:20:22,SampleAudio_0.4mb.mp3,IconicWorkerUserImages/9d2c41e4-1933-4e1f-a655-5e609c542766,c83c31c8-aba1-44c7-ac41-a2a5c178700e
956e70d3-89d8-4520-a972-e6ab36e0de44,b91189e3-47b3-44b1-a685-0252e97c7d1c,2024-04-25 03:48:31,b91189e3-47b3-44b1-a685-0252e97c7d1c,2024-04-23 04:28:00,SampleVideo_1280x720_2mb.mp4,IconicWorkerUserImages/2249e095-44c0-4ee1-b631-dbd7a5b3f984,1318e060-39b4-4d37-acda-ce6e51c474d5
96f5ce78-af6c-4920-b187-abb21388bdc2,c8367fc3-d459-4b83-b48b-37521e6d4795,2024-02-07 03:57:36,c8367fc3-d459-4b83-b48b-37521e6d4795,2024-02-07 03:57:36,automation-testing-5-years-exp.pdf,IconicWorkerUserImages/1a7fb814-4447-4d42-adb4-e6584603a3e7,8f758e03-92ae-467d-b170-5e675630b0c4
99c11027-3b3b-4ddc-b1eb-68a5b99d99eb,c8367fc3-d459-4b83-b48b-37521e6d4795,2024-08-05 13:48:06,c8367fc3-d459-4b83-b48b-37521e6d4795,2024-06-29 05:49:41,2024-05-20T16_17_38.png,IconicWorkerUserImages/8b170f3d-de93-40e1-b4fc-c5b934170ba4,60612d9d-0065-4345-91cd-57bd345cae49
9abb8022-caa5-4053-af75-44deff59f64d,c8367fc3-d459-4b83-b48b-37521e6d4795,2024-07-01 05:28:55,c8367fc3-d459-4b83-b48b-37521e6d4795,2024-06-29 05:49:50,2024-05-20T16_17_28.png,IconicWorkerUserImages/df6d9005-0e76-4193-9328-a85ef13689c4,271519d7-b299-4e07-98c3-d3f3f959d4b4
9b8f052b-45f6-4e72-af45-ebacda515049,b91189e3-47b3-44b1-a685-0252e97c7d1c,2024-04-23 08:48:58,b91189e3-47b3-44b1-a685-0252e97c7d1c,2024-04-23 04:28:00,SampleVideo_1280x720_2mb.mp4,IconicWorkerUserImages/2249e095-44c0-4ee1-b631-dbd7a5b3f984,d7a09fd1-cdb7-4d2b-8b8e-45cbb2b5417c
9d51a3af-e66a-4c0d-9db8-80fda5415531,c8367fc3-d459-4b83-b48b-37521e6d4795,2024-08-01 12:51:55,c8367fc3-d459-4b83-b48b-37521e6d4795,2024-06-29 05:49:41,2024-05-20T16_17_38.png,IconicWorkerUserImages/8b170f3d-de93-40e1-b4fc-c5b934170ba4,9f3a4e42-4234-443b-90e9-6b39ebfacffb
9ec8dc4f-cfa7-41b2-b20b-1c7b4fa2ab75,b91189e3-47b3-44b1-a685-0252e97c7d1c,2024-04-19 10:16:21,b91189e3-47b3-44b1-a685-0252e97c7d1c,2024-04-19 09:02:50,Sample-Spreadsheet-10-rows.xls,IconicWorkerUserImages/0988d0c8-9513-4ba4-ac2b-993d46c4cebc,cbc0a92d-0845-4a3e-b182-4dace7dbf3a1
9f03e6f9-9a15-4b99-836e-1495f699d32e,b91189e3-47b3-44b1-a685-0252e97c7d1c,2024-04-19 10:39:11,b91189e3-47b3-44b1-a685-0252e97c7d1c,2024-04-19 09:05:52,th.jpg,IconicWorkerUserImages/e592b232-5757-4e78-98da-468ea1247a5e,b3a35b25-ac31-4e02-8d7c-00c41e976af1
9f42e7fb-eced-4c8e-adef-cd26062a86e0,c8367fc3-d459-4b83-b48b-37521e6d4795,2024-06-10 04:06:20,c8367fc3-d459-4b83-b48b-37521e6d4795,2024-05-28 04:01:14,GET clientProfile_verify-completion API .txt,IconicWorkerUserImages/6a76cd63-609e-4db4-8eb2-01db86e11697,9394bd38-1fd2-4290-a538-c97722eb9403
a094aab6-42d2-49fe-9299-ca1a2aa399c2,b91189e3-47b3-44b1-a685-0252e97c7d1c,2024-04-23 04:28:00,b91189e3-47b3-44b1-a685-0252e97c7d1c,2024-04-23 04:28:00,SampleVideo_1280x720_2mb.mp4,IconicWorkerUserImages/2249e095-44c0-4ee1-b631-dbd7a5b3f984,feacb584-f45b-4265-8568-4bce7584ee00
a164320b-4472-421a-8d2c-b9e5fd9f94fb,c8367fc3-d459-4b83-b48b-37521e6d4795,2024-03-05 03:39:38,c8367fc3-d459-4b83-b48b-37521e6d4795,2024-03-05 03:39:38,SampleXLSFile_212kb.xls,IconicWorkerUserImages/eb09613a-60de-447d-b511-8ade7964bc98,cdc80794-58dd-414d-ba92-08bf5d366687
a1fff181-dd1c-4100-9626-63a0daf36671,b91189e3-47b3-44b1-a685-0252e97c7d1c,2024-04-23 08:48:58,b91189e3-47b3-44b1-a685-0252e97c7d1c,2024-04-23 04:28:00,SampleAudio_0.7mb.mp3,IconicWorkerUserImages/d2de4be8-23f3-493d-aef3-13f087799eb6,d7a09fd1-cdb7-4d2b-8b8e-45cbb2b5417c
a3a2b8ff-332c-44b9-8a0c-fad314409645,b91189e3-47b3-44b1-a685-0252e97c7d1c,2024-07-05 11:22:01,b91189e3-47b3-44b1-a685-0252e97c7d1c,2024-04-19 09:05:52,SampleVideo_1280x720_1mb (1).mp4,IconicWorkerUserImages/0a2b6924-7236-469a-9cd6-b9259d2f36cf,93a5fc6b-ad17-4ab0-ab98-7648351fe2f8
a6bc4672-9165-4cfc-b317-1092e275872d,b91189e3-47b3-44b1-a685-0252e97c7d1c,2024-04-19 09:25:53,b91189e3-47b3-44b1-a685-0252e97c7d1c,2024-04-19 09:05:52,th.jpg,IconicWorkerUserImages/e592b232-5757-4e78-98da-468ea1247a5e,14f68f0b-4903-4e34-903e-77b4d84a662a
a767cbbd-086e-481e-aae5-628e948d34d7,b91189e3-47b3-44b1-a685-0252e97c7d1c,2024-04-19 09:25:53,b91189e3-47b3-44b1-a685-0252e97c7d1c,2024-04-19 09:02:50,Sample-Spreadsheet-10-rows.xls,IconicWorkerUserImages/0988d0c8-9513-4ba4-ac2b-993d46c4cebc,02ed7cca-a506-4977-8e74-c9a17b64cf61
a7a6e959-0d17-4904-8430-61938a32512c,c8367fc3-d459-4b83-b48b-37521e6d4795,2024-08-01 11:53:59,c8367fc3-d459-4b83-b48b-37521e6d4795,2024-06-29 05:49:50,2024-05-20T16_17_28.png,IconicWorkerUserImages/df6d9005-0e76-4193-9328-a85ef13689c4,53c6dfe2-731f-442d-8d98-47070a7fa818
a83e7b96-2d7c-49ef-8d18-121a8f919055,b91189e3-47b3-44b1-a685-0252e97c7d1c,2024-07-08 12:14:40,b91189e3-47b3-44b1-a685-0252e97c7d1c,2024-07-08 04:20:22,SampleXLSFile_38kb.xls,IconicWorkerUserImages/7513624f-65d8-4985-8219-3638286d281c,d1cb48d1-32a7-4a09-bf81-a2a2e19dd403
a840648a-b147-4062-a65b-dc23a8c8f0e4,c8367fc3-d459-4b83-b48b-37521e6d4795,2024-04-18 06:32:23,c8367fc3-d459-4b83-b48b-37521e6d4795,2024-04-18 06:32:23,file_example_XLSX_10.xlsx,IconicWorkerUserImages/90b89cb4-f9d7-4e7c-883b-b30974bcc608,989fdb44-0c9e-4111-b7ea-7d63172a118e
a8eba342-de28-498d-96e8-84eb7389b4a2,c8367fc3-d459-4b83-b48b-37521e6d4795,2024-07-12 12:06:03,c8367fc3-d459-4b83-b48b-37521e6d4795,2024-06-29 05:49:50,2024-05-20T16_17_28.png,IconicWorkerUserImages/df6d9005-0e76-4193-9328-a85ef13689c4,5c9019b3-f451-4ab6-a142-a25961ce76e9
a95264e1-0383-47f2-8197-e5a7de668ca3,c8367fc3-d459-4b83-b48b-37521e6d4795,2024-02-27 04:06:08,c8367fc3-d459-4b83-b48b-37521e6d4795,2024-02-27 04:06:08,SamplePDFFile_5mb.pdf,IconicWorkerUserImages/4b9e1116-7e69-4a95-b2d9-ae352959d92a,e564b6bd-1501-441a-bd1d-a175515f8860
aca4febe-0c16-42ab-91d1-4de72fd8464a,c8367fc3-d459-4b83-b48b-37521e6d4795,2024-04-18 06:46:59,c8367fc3-d459-4b83-b48b-37521e6d4795,2024-04-18 06:34:58,SampleVideo_1280x720_2mb.mp4,IconicWorkerUserImages/365fb82a-d439-4b92-921c-fef3921b0dce,db8b27cc-07e5-4b51-91d6-7831d61fc365
adf574d7-c3fc-4aff-9c32-cc48584a38f0,c8367fc3-d459-4b83-b48b-37521e6d4795,2024-06-29 05:49:41,c8367fc3-d459-4b83-b48b-37521e6d4795,2024-06-29 05:49:41,2024-05-20T16_17_38.png,IconicWorkerUserImages/8b170f3d-de93-40e1-b4fc-c5b934170ba4,8acdf1e3-5d1b-4cdf-8a23-991aadff4f90
ae0d08ff-7fe7-4b0b-bde2-189f4f6f3ed6,b91189e3-47b3-44b1-a685-0252e97c7d1c,2024-04-25 04:11:38,b91189e3-47b3-44b1-a685-0252e97c7d1c,2024-04-19 09:02:50,SampleAudio_0.4mb.mp3,IconicWorkerUserImages/e648c6ef-ed4e-47d5-9d17-03b7ad9e4e0f,645c5a29-7ba3-407a-ad0e-9cdf786dff09
b011ac89-35d4-4b97-a4c0-d0cf97c61b41,b91189e3-47b3-44b1-a685-0252e97c7d1c,2024-04-19 10:39:11,b91189e3-47b3-44b1-a685-0252e97c7d1c,2024-04-19 09:02:50,SampleAudio_0.4mb.mp3,IconicWorkerUserImages/e648c6ef-ed4e-47d5-9d17-03b7ad9e4e0f,7a5a88cf-b63a-4963-a912-80aa29bf318e
b0ed53c7-5550-4c1e-bbe3-e6acc43c1d09,c8367fc3-d459-4b83-b48b-37521e6d4795,2024-04-18 08:52:35,c8367fc3-d459-4b83-b48b-37521e6d4795,2024-04-18 06:32:23,SampleAudio_0.4mb.mp3,IconicWorkerUserImages/eaa6c999-84df-4edb-a22e-29cbac9a82a4,41ac9fc2-d389-4931-9fce-f6bb7b9a8659
b0f0b638-d44f-4d16-a4f2-8ea5ef63f027,b91189e3-47b3-44b1-a685-0252e97c7d1c,2024-07-16 04:11:29,b91189e3-47b3-44b1-a685-0252e97c7d1c,2024-07-16 04:11:29,Bunglow.jpg,IconicWorkerUserImages/cf3663fa-1667-4cfb-951e-e61de0cc10bb,c1bec925-b8a7-4a2d-b5ca-d9cc7081caaa
b1d30708-ea64-4cf1-b897-e4994e9a9441,c8367fc3-d459-4b83-b48b-37521e6d4795,2024-08-05 12:30:55,c8367fc3-d459-4b83-b48b-37521e6d4795,2024-06-29 05:49:41,2024-05-20T16_17_38.png,IconicWorkerUserImages/8b170f3d-de93-40e1-b4fc-c5b934170ba4,fed7338d-46c4-43d9-bd96-a8b46194d154
b2a9f2fa-8d1a-44e5-9f68-d49aa726bc4f,b91189e3-47b3-44b1-a685-0252e97c7d1c,2024-04-19 09:05:52,b91189e3-47b3-44b1-a685-0252e97c7d1c,2024-04-19 09:05:52,SampleVideo_1280x720_1mb (1).mp4,IconicWorkerUserImages/0a2b6924-7236-469a-9cd6-b9259d2f36cf,daecc3d6-0207-4ee4-b1e9-3ecee276d902
b33bd143-1e46-4370-856d-c6386d485fd6,b91189e3-47b3-44b1-a685-0252e97c7d1c,2024-04-25 03:48:31,b91189e3-47b3-44b1-a685-0252e97c7d1c,2024-04-23 04:28:00,SamplePNGImage_5mbmb.png,IconicWorkerUserImages/e06f9e9f-13ff-402a-9773-e9acce81c1a3,1318e060-39b4-4d37-acda-ce6e51c474d5
b33cfa8d-8727-4f54-9813-be912be85708,c8367fc3-d459-4b83-b48b-37521e6d4795,2024-04-18 06:34:58,c8367fc3-d459-4b83-b48b-37521e6d4795,2024-04-18 06:34:58,sample.pdf,IconicWorkerUserImages/c8b0fd84-493c-42cb-84e0-87ac50d8fa2d,15dba020-0c20-4d17-b8c7-02203ae3250a
b41421c7-5053-4e81-8414-e4508016164d,b91189e3-47b3-44b1-a685-0252e97c7d1c,2024-04-18 08:39:48,b91189e3-47b3-44b1-a685-0252e97c7d1c,2024-04-18 07:08:26,file_example_XLSX_10.xlsx,IconicWorkerUserImages/dcd8e545-88ec-4bac-9633-4ad1d6685a76,3bb4bb1e-a5dc-4c51-b622-6dd237599aab
b43838bb-e983-4970-ba9a-a36f43ea29ad,b91189e3-47b3-44b1-a685-0252e97c7d1c,2024-04-18 07:08:27,b91189e3-47b3-44b1-a685-0252e97c7d1c,2024-04-18 07:08:27,SamplePNGImage_100kbmb.png,IconicWorkerUserImages/0d279a68-49f0-41d7-a057-0ecfa7c217e7,e108ee05-aa2a-4ffc-b49a-f0f94fac03fe
b50987d8-fbdf-48c2-843f-ef2146fa882a,c8367fc3-d459-4b83-b48b-37521e6d4795,2024-08-05 12:30:55,c8367fc3-d459-4b83-b48b-37521e6d4795,2024-06-29 05:49:50,2024-05-20T16_17_28.png,IconicWorkerUserImages/df6d9005-0e76-4193-9328-a85ef13689c4,a51f179f-c40f-4d41-945f-c79880b25cf6
b56be60f-1a4a-4069-9699-b6052a411ca9,b91189e3-47b3-44b1-a685-0252e97c7d1c,2024-07-08 11:39:24,b91189e3-47b3-44b1-a685-0252e97c7d1c,2024-07-08 04:20:22,SampleVideo_1280x720_1mb (1).mp4,IconicWorkerUserImages/c50551b4-42fb-4a0b-95b9-b4aa4370abfc,c83c31c8-aba1-44c7-ac41-a2a5c178700e
b58bbd1a-350a-4790-9aa8-1c0c8d3078d0,b91189e3-47b3-44b1-a685-0252e97c7d1c,2024-07-08 10:19:52,b91189e3-47b3-44b1-a685-0252e97c7d1c,2024-07-08 04:20:22,SampleXLSFile_38kb.xls,IconicWorkerUserImages/7513624f-65d8-4985-8219-3638286d281c,a7c93548-4947-48cf-ae08-d66288e35697
b5ce3d3b-a8ca-4519-bc7e-5f38a9debc91,b91189e3-47b3-44b1-a685-0252e97c7d1c,2024-07-05 11:22:01,b91189e3-47b3-44b1-a685-0252e97c7d1c,2024-04-19 09:02:50,Sample-Spreadsheet-10-rows.xls,IconicWorkerUserImages/0988d0c8-9513-4ba4-ac2b-993d46c4cebc,d29ccded-e86a-4646-beaf-ada7cbccbeb6
b5f315ff-be15-40a7-9c8d-acdeeb5504b8,c8367fc3-d459-4b83-b48b-37521e6d4795,2024-06-26 09:12:17,c8367fc3-d459-4b83-b48b-37521e6d4795,2024-06-26 05:01:18,QueryForNotification.txt,IconicWorkerUserImages/7f58cacb-352b-43ee-916b-49eb82cb53cf,5cf7c843-9805-40a2-9c2f-86ac8c33607c
b62e28dc-fc05-4820-bc8a-0115bbce61cb,c8367fc3-d459-4b83-b48b-37521e6d4795,2024-08-16 06:56:36,c8367fc3-d459-4b83-b48b-37521e6d4795,2024-06-29 05:49:50,2024-05-20T16_17_28.png,IconicWorkerUserImages/df6d9005-0e76-4193-9328-a85ef13689c4,043f6693-fba1-4687-a5c0-5772af715b59
b6f4fb59-7527-4edd-97f1-44b2369885fd,b91189e3-47b3-44b1-a685-0252e97c7d1c,2024-07-16 04:11:29,b91189e3-47b3-44b1-a685-0252e97c7d1c,2024-07-16 04:11:29,SamplePNGImage_100kbmb.png,IconicWorkerUserImages/f0b31e8d-7a8a-4efd-97f1-20f7cd996131,c1bec925-b8a7-4a2d-b5ca-d9cc7081caaa
b72108a8-e22f-42f0-a8d1-4b7687350047,19430a8c-6324-4105-8fc5-b7973e8f5d7f,2023-09-01 06:06:23,19430a8c-6324-4105-8fc5-b7973e8f5d7f,2023-09-01 06:06:23,IW_2023_8788267.pdf,IconicWorkerUserImages/34f1a2a0-ce6b-4327-aede-0a6466e7af24,97033f4b-0952-485b-b905-61ff3118c66d
b80a10ab-4b4e-497e-a5d6-0f038e8bfe90,c8367fc3-d459-4b83-b48b-37521e6d4795,2024-07-16 10:51:03,c8367fc3-d459-4b83-b48b-37521e6d4795,2024-06-29 05:49:50,2024-05-20T16_17_28.png,IconicWorkerUserImages/df6d9005-0e76-4193-9328-a85ef13689c4,fe39b9b9-ee13-4a6d-8809-f2e642474202
ba0e79bf-b104-4bdf-91e2-c531898854bb,b91189e3-47b3-44b1-a685-0252e97c7d1c,2024-07-08 10:19:52,b91189e3-47b3-44b1-a685-0252e97c7d1c,2024-07-08 04:20:22,Building.jpg,IconicWorkerUserImages/1fb40242-98c2-417c-8585-e0d55e0b4a9b,a7c93548-4947-48cf-ae08-d66288e35697
be32add9-29c4-40ba-b176-64a2f0434cf1,c8367fc3-d459-4b83-b48b-37521e6d4795,2024-01-31 11:12:35,c8367fc3-d459-4b83-b48b-37521e6d4795,2024-01-31 11:12:35,file_example_XLSX_10.xlsx,IconicWorkerUserImages/437919be-1dfd-46a3-921d-49579a07e389,c7828149-16f6-4459-9f1c-89250e821652
bf3ad8da-9a43-4ccf-ae5c-f87f8cc94dac,c8367fc3-d459-4b83-b48b-37521e6d4795,2025-04-14 05:50:07,c8367fc3-d459-4b83-b48b-37521e6d4795,2024-06-29 05:49:41,2024-05-20T16_17_38.png,IconicWorkerUserImages/8b170f3d-de93-40e1-b4fc-c5b934170ba4,67badf09-77d0-4753-9097-82b4b2923803
bfbc3a90-e412-4e45-8dee-6ef0affc7414,b91189e3-47b3-44b1-a685-0252e97c7d1c,2024-07-08 11:39:24,b91189e3-47b3-44b1-a685-0252e97c7d1c,2024-07-08 04:20:22,SampleXLSFile_38kb.xls,IconicWorkerUserImages/7513624f-65d8-4985-8219-3638286d281c,c83c31c8-aba1-44c7-ac41-a2a5c178700e
bfd5c9c9-0344-475a-afdb-96d34ccb4484,b91189e3-47b3-44b1-a685-0252e97c7d1c,2024-04-19 10:39:11,b91189e3-47b3-44b1-a685-0252e97c7d1c,2024-04-19 09:05:52,WordPress_Demo_Content.jpg,IconicWorkerUserImages/b62e5980-466a-4a20-a913-8a44fa165c76,b3a35b25-ac31-4e02-8d7c-00c41e976af1
c10036c2-242b-41dc-b909-f2b3c14d1332,c8367fc3-d459-4b83-b48b-37521e6d4795,2024-05-28 04:01:14,c8367fc3-d459-4b83-b48b-37521e6d4795,2024-05-28 04:01:14,GET clientProfile_verify-completion API .txt,IconicWorkerUserImages/6a76cd63-609e-4db4-8eb2-01db86e11697,19f68461-4d95-411e-82b4-34c6cfa0e38f
c19ea674-bb28-449e-9ac7-668f4ab7fbf5,c8367fc3-d459-4b83-b48b-37521e6d4795,2024-06-27 05:34:16,c8367fc3-d459-4b83-b48b-37521e6d4795,2024-06-27 05:34:16,th.jpg,IconicWorkerUserImages/26abf921-bb99-41c2-8ff0-2a5a363cdbed,1c957d80-fbad-4567-89e2-3fa950d0558c
c2643c53-8506-4c7f-91d7-dc56c9176bd2,c8367fc3-d459-4b83-b48b-37521e6d4795,2024-08-06 12:24:56,c8367fc3-d459-4b83-b48b-37521e6d4795,2024-06-29 05:49:41,2024-05-20T16_17_38.png,IconicWorkerUserImages/8b170f3d-de93-40e1-b4fc-c5b934170ba4,f0730765-15ad-486f-a1d2-706993e22dd6
c2a47444-4073-493d-ab08-0184ea6e02b2,c8367fc3-d459-4b83-b48b-37521e6d4795,2024-04-18 06:46:59,c8367fc3-d459-4b83-b48b-37521e6d4795,2024-04-18 06:34:58,SampleAudio_0.7mb.mp3,IconicWorkerUserImages/e5061fc6-6eee-479c-945a-820609c99722,db8b27cc-07e5-4b51-91d6-7831d61fc365
c2fb7b7a-ed6c-4004-8506-508ed3e0774e,b91189e3-47b3-44b1-a685-0252e97c7d1c,2024-07-08 12:20:48,b91189e3-47b3-44b1-a685-0252e97c7d1c,2024-04-19 09:05:52,SampleVideo_1280x720_1mb (1).mp4,IconicWorkerUserImages/0a2b6924-7236-469a-9cd6-b9259d2f36cf,a367a58c-ec2e-4e29-ae59-a2a9ce65db0e
c347cf79-682d-44f7-b1ad-412c6a886a2c,c8367fc3-d459-4b83-b48b-37521e6d4795,2024-04-18 08:52:35,c8367fc3-d459-4b83-b48b-37521e6d4795,2024-04-18 06:34:58,SampleXLSFile_904kb.xls,IconicWorkerUserImages/14554c74-c071-490b-979d-37e6f42773b2,3692cdc3-8abe-4efe-ad97-62ae1d563709
c48a7b9a-c0ff-463c-9082-08d9c17cee8d,b91189e3-47b3-44b1-a685-0252e97c7d1c,2024-04-19 09:02:50,b91189e3-47b3-44b1-a685-0252e97c7d1c,2024-04-19 09:02:50,SampleAudio_0.4mb.mp3,IconicWorkerUserImages/e648c6ef-ed4e-47d5-9d17-03b7ad9e4e0f,94d74a2c-b1ad-47fa-a404-466ec6a85d6d
c4a92623-53a1-4096-8a2f-69179ee09f35,c8367fc3-d459-4b83-b48b-37521e6d4795,2024-07-04 04:10:36,c8367fc3-d459-4b83-b48b-37521e6d4795,2024-06-29 05:49:50,2024-05-20T16_17_28.png,IconicWorkerUserImages/df6d9005-0e76-4193-9328-a85ef13689c4,1bbc4645-9072-46ca-85f2-ad7174899ccf
c6457fb6-7c1d-4f9b-8535-70f895755060,b91189e3-47b3-44b1-a685-0252e97c7d1c,2024-04-18 07:11:06,b91189e3-47b3-44b1-a685-0252e97c7d1c,2024-04-18 07:11:06,SampleAudio_0.7mb.mp3,IconicWorkerUserImages/52c6e2d1-5cd3-44ae-b0f0-16126c51e99a,d26cb807-4171-4f5b-afca-eb5efc5284c4
c689acda-9317-4015-b924-be0ceeafff0a,c8367fc3-d459-4b83-b48b-37521e6d4795,2024-08-22 11:56:30,c8367fc3-d459-4b83-b48b-37521e6d4795,2024-06-29 05:49:50,2024-05-20T16_17_28.png,IconicWorkerUserImages/df6d9005-0e76-4193-9328-a85ef13689c4,c86dd645-c88f-4b1e-b528-a99f9d95a1b9
c74d27f3-d26f-4631-8e93-b0bb42b92e97,b91189e3-47b3-44b1-a685-0252e97c7d1c,2024-04-23 08:48:58,b91189e3-47b3-44b1-a685-0252e97c7d1c,2024-04-23 04:28:00,manual-testing-2-years-exp.doc,IconicWorkerUserImages/d2ce9ffe-dcff-411e-962c-aa463a34a4ea,d7a09fd1-cdb7-4d2b-8b8e-45cbb2b5417c
c8c1a823-9986-4855-950f-6bc4456f6b50,b91189e3-47b3-44b1-a685-0252e97c7d1c,2024-04-18 07:11:06,b91189e3-47b3-44b1-a685-0252e97c7d1c,2024-04-18 07:11:06,sample.pdf,IconicWorkerUserImages/f1d99fe0-9858-42d8-a7db-ec0524070f01,d26cb807-4171-4f5b-afca-eb5efc5284c4
caa4b20d-47d4-4098-867a-e670d7e9bbb5,b91189e3-47b3-44b1-a685-0252e97c7d1c,2024-04-18 07:08:26,b91189e3-47b3-44b1-a685-0252e97c7d1c,2024-04-18 07:08:26,file_example_XLSX_10.xlsx,IconicWorkerUserImages/dcd8e545-88ec-4bac-9633-4ad1d6685a76,e108ee05-aa2a-4ffc-b49a-f0f94fac03fe
caef4387-96c5-4297-9adf-e7e6682d7c86,c8367fc3-d459-4b83-b48b-37521e6d4795,2024-07-15 12:06:18,c8367fc3-d459-4b83-b48b-37521e6d4795,2024-06-29 05:49:50,2024-05-20T16_17_28.png,IconicWorkerUserImages/df6d9005-0e76-4193-9328-a85ef13689c4,6568dc34-4aee-431e-aad5-70abb2ae1e90
cb7a2093-978d-4023-8932-662e861299c9,b91189e3-47b3-44b1-a685-0252e97c7d1c,2024-04-19 10:16:21,b91189e3-47b3-44b1-a685-0252e97c7d1c,2024-04-19 09:05:52,th.jpg,IconicWorkerUserImages/e592b232-5757-4e78-98da-468ea1247a5e,2d93908e-7d91-445d-9e3d-fa1e9bf2ec7e
cdf98865-1c77-4a06-9f2a-47f1518231da,c8367fc3-d459-4b83-b48b-37521e6d4795,2024-08-20 05:17:29,c8367fc3-d459-4b83-b48b-37521e6d4795,2024-06-29 05:49:50,2024-05-20T16_17_28.png,IconicWorkerUserImages/df6d9005-0e76-4193-9328-a85ef13689c4,e0bd7689-9cbe-4001-854a-af9688b59b87
cf5daffa-3404-4594-8ad2-b928c9c164a2,b91189e3-47b3-44b1-a685-0252e97c7d1c,2024-04-23 04:28:00,b91189e3-47b3-44b1-a685-0252e97c7d1c,2024-04-23 04:28:00,SampleAudio_0.7mb.mp3,IconicWorkerUserImages/d2de4be8-23f3-493d-aef3-13f087799eb6,feacb584-f45b-4265-8568-4bce7584ee00
d09ded2e-6dc8-4e06-b2bb-2a0e0be88626,c8367fc3-d459-4b83-b48b-37521e6d4795,2024-04-18 08:52:35,c8367fc3-d459-4b83-b48b-37521e6d4795,2024-04-18 06:34:58,SampleAudio_0.7mb.mp3,IconicWorkerUserImages/e5061fc6-6eee-479c-945a-820609c99722,3692cdc3-8abe-4efe-ad97-62ae1d563709
d1a2ffd8-d980-492b-bef9-a0dd44d52350,b91189e3-47b3-44b1-a685-0252e97c7d1c,2024-04-18 08:39:48,b91189e3-47b3-44b1-a685-0252e97c7d1c,2024-04-18 07:11:06,SampleAudio_0.7mb.mp3,IconicWorkerUserImages/52c6e2d1-5cd3-44ae-b0f0-16126c51e99a,2f912154-95b9-4c30-bcd6-547ea13f8400
d22fc00c-6db6-4f62-a759-f311cec5dfb4,c8367fc3-d459-4b83-b48b-37521e6d4795,2024-07-01 12:28:07,c8367fc3-d459-4b83-b48b-37521e6d4795,2024-06-29 05:49:41,2024-05-20T16_17_38.png,IconicWorkerUserImages/8b170f3d-de93-40e1-b4fc-c5b934170ba4,40129e3e-d4cf-4d13-853b-2222db91aabe
d23697c4-1c74-4c60-b586-feb632fda401,c8367fc3-d459-4b83-b48b-37521e6d4795,2024-07-18 06:05:12,c8367fc3-d459-4b83-b48b-37521e6d4795,2024-06-29 05:49:41,2024-05-20T16_17_38.png,IconicWorkerUserImages/8b170f3d-de93-40e1-b4fc-c5b934170ba4,2ad4cf5a-3133-4068-9377-3d911fb26088
d3612488-24a5-4f73-8a96-7c990a3097d8,c8367fc3-d459-4b83-b48b-37521e6d4795,2024-08-16 06:56:36,c8367fc3-d459-4b83-b48b-37521e6d4795,2024-06-29 05:49:41,2024-05-20T16_17_38.png,IconicWorkerUserImages/8b170f3d-de93-40e1-b4fc-c5b934170ba4,4cd42b4a-2bf9-4fa2-a9e3-beab776575a5
d40577a8-1ab1-48c4-8ace-e68c58823807,c8367fc3-d459-4b83-b48b-37521e6d4795,2024-02-09 06:20:29,c8367fc3-d459-4b83-b48b-37521e6d4795,2024-01-31 11:12:35,file_example_XLSX_10.xlsx,IconicWorkerUserImages/437919be-1dfd-46a3-921d-49579a07e389,54216908-e64b-45ab-bca2-32b457136adb
d5533987-9c27-4ebe-8633-eacd5b201cda,b91189e3-47b3-44b1-a685-0252e97c7d1c,2024-07-08 10:32:39,b91189e3-47b3-44b1-a685-0252e97c7d1c,2024-07-08 04:20:22,Building.jpg,IconicWorkerUserImages/1fb40242-98c2-417c-8585-e0d55e0b4a9b,003ec9d3-79a4-4275-9cdb-a3e33ba4ab47
d6d0871d-7f39-4a58-bff5-d37c6fcb62ea,c8367fc3-d459-4b83-b48b-37521e6d4795,2025-04-10 10:20:33,c8367fc3-d459-4b83-b48b-37521e6d4795,2024-06-29 05:49:41,2024-05-20T16_17_38.png,IconicWorkerUserImages/8b170f3d-de93-40e1-b4fc-c5b934170ba4,5082768f-8691-497a-8f6c-350cdcc8c6f9
d817b3cd-36b1-4f7c-b211-028f259f52fc,c8367fc3-d459-4b83-b48b-37521e6d4795,2025-04-14 09:08:43,c8367fc3-d459-4b83-b48b-37521e6d4795,2024-06-29 05:49:50,2024-05-20T16_17_28.png,IconicWorkerUserImages/df6d9005-0e76-4193-9328-a85ef13689c4,db45bb73-a8df-452c-8f5a-a48e326c4a81
da0d23aa-3891-4dfa-a1b5-37f612412823,c8367fc3-d459-4b83-b48b-37521e6d4795,2024-07-18 06:59:22,c8367fc3-d459-4b83-b48b-37521e6d4795,2024-06-29 05:49:41,2024-05-20T16_17_38.png,IconicWorkerUserImages/8b170f3d-de93-40e1-b4fc-c5b934170ba4,abbba2f9-49a3-4803-acb5-580b96f3f163
da17d36f-2362-4be5-a39a-87031e2f9ed8,c8367fc3-d459-4b83-b48b-37521e6d4795,2024-04-18 06:34:58,c8367fc3-d459-4b83-b48b-37521e6d4795,2024-04-18 06:34:58,SampleAudio_0.7mb.mp3,IconicWorkerUserImages/e5061fc6-6eee-479c-945a-820609c99722,15dba020-0c20-4d17-b8c7-02203ae3250a
dacbac5a-306d-4216-a66a-841ecd5f6773,b91189e3-47b3-44b1-a685-0252e97c7d1c,2024-04-19 09:05:52,b91189e3-47b3-44b1-a685-0252e97c7d1c,2024-04-19 09:05:52,th.jpg,IconicWorkerUserImages/e592b232-5757-4e78-98da-468ea1247a5e,daecc3d6-0207-4ee4-b1e9-3ecee276d902
db10b21b-abba-41b4-8183-4210d95bd98f,b91189e3-47b3-44b1-a685-0252e97c7d1c,2024-04-19 10:39:11,b91189e3-47b3-44b1-a685-0252e97c7d1c,2024-04-19 09:05:52,SampleVideo_1280x720_1mb (1).mp4,IconicWorkerUserImages/0a2b6924-7236-469a-9cd6-b9259d2f36cf,b3a35b25-ac31-4e02-8d7c-00c41e976af1
db3b8f03-de5f-4a6d-b088-edc8153edcfd,c8367fc3-d459-4b83-b48b-37521e6d4795,2025-04-10 10:20:33,c8367fc3-d459-4b83-b48b-37521e6d4795,2024-06-29 05:49:50,2024-05-20T16_17_28.png,IconicWorkerUserImages/df6d9005-0e76-4193-9328-a85ef13689c4,ef80c16f-58e2-45da-a879-ab514700094c
db7a92d2-0a4e-408c-a7c8-d1bb05a8a74c,b91189e3-47b3-44b1-a685-0252e97c7d1c,2024-04-19 09:05:52,b91189e3-47b3-44b1-a685-0252e97c7d1c,2024-04-19 09:05:52,WordPress_Demo_Content.jpg,IconicWorkerUserImages/b62e5980-466a-4a20-a913-8a44fa165c76,daecc3d6-0207-4ee4-b1e9-3ecee276d902
db95bc47-2fd4-4f64-aca9-012ebc011cf3,c8367fc3-d459-4b83-b48b-37521e6d4795,2024-08-06 12:24:56,c8367fc3-d459-4b83-b48b-37521e6d4795,2024-06-29 05:49:50,2024-05-20T16_17_28.png,IconicWorkerUserImages/df6d9005-0e76-4193-9328-a85ef13689c4,1430dc92-a7e4-4361-a02e-20482448e50d
dbfa31c4-2516-4c94-9323-f8cc16a0c79d,b91189e3-47b3-44b1-a685-0252e97c7d1c,2024-04-19 09:25:53,b91189e3-47b3-44b1-a685-0252e97c7d1c,2024-04-19 09:05:52,SampleVideo_1280x720_1mb (1).mp4,IconicWorkerUserImages/0a2b6924-7236-469a-9cd6-b9259d2f36cf,14f68f0b-4903-4e34-903e-77b4d84a662a
dd586773-78b4-43f0-8ad6-f651625c1b17,b91189e3-47b3-44b1-a685-0252e97c7d1c,2024-07-08 12:14:40,b91189e3-47b3-44b1-a685-0252e97c7d1c,2024-07-08 04:20:22,SampleVideo_1280x720_1mb (1).mp4,IconicWorkerUserImages/c50551b4-42fb-4a0b-95b9-b4aa4370abfc,d1cb48d1-32a7-4a09-bf81-a2a2e19dd403
de5197e5-fd72-4361-b730-1429be44b5b5,b91189e3-47b3-44b1-a685-0252e97c7d1c,2024-04-23 04:28:00,b91189e3-47b3-44b1-a685-0252e97c7d1c,2024-04-23 04:28:00,SampleXLSFile_904kb.xls,IconicWorkerUserImages/a3096b60-80d4-4e03-9a02-05fd5c0bd9a4,feacb584-f45b-4265-8568-4bce7584ee00
e15f1899-c745-4db1-8cdc-1c6cb5e48ff3,b91189e3-47b3-44b1-a685-0252e97c7d1c,2024-04-19 10:16:21,b91189e3-47b3-44b1-a685-0252e97c7d1c,2024-04-19 09:02:50,SampleAudio_0.4mb.mp3,IconicWorkerUserImages/e648c6ef-ed4e-47d5-9d17-03b7ad9e4e0f,cbc0a92d-0845-4a3e-b182-4dace7dbf3a1
e1ded658-0e13-418e-a9a5-633990c0b3ca,b91189e3-47b3-44b1-a685-0252e97c7d1c,2024-04-18 08:39:48,b91189e3-47b3-44b1-a685-0252e97c7d1c,2024-04-18 07:11:06,SamplePNGImage_5mbmb.png,IconicWorkerUserImages/67bb3a98-fc36-482e-bd6d-a8080866a521,2f912154-95b9-4c30-bcd6-547ea13f8400
e2f6c628-4350-4d17-9d78-5b4611e75861,c8367fc3-d459-4b83-b48b-37521e6d4795,2024-05-30 09:42:27,c8367fc3-d459-4b83-b48b-37521e6d4795,2024-05-28 04:01:14,GET clientProfile_verify-completion API .txt,IconicWorkerUserImages/6a76cd63-609e-4db4-8eb2-01db86e11697,dd16a142-5f45-4c9d-9426-8c67bd706c42
e3888e2b-c1ff-4961-a0d9-a27629fcc195,c8367fc3-d459-4b83-b48b-37521e6d4795,2024-08-07 11:20:01,c8367fc3-d459-4b83-b48b-37521e6d4795,2024-06-29 05:49:41,2024-05-20T16_17_38.png,IconicWorkerUserImages/8b170f3d-de93-40e1-b4fc-c5b934170ba4,c1bfe5bb-5c38-4f87-92a5-807c89c864df
e5419fb7-6443-4afd-8389-3d9c70ab8f7a,b91189e3-47b3-44b1-a685-0252e97c7d1c,2024-07-08 05:11:34,b91189e3-47b3-44b1-a685-0252e97c7d1c,2024-07-08 04:20:22,SampleAudio_0.4mb.mp3,IconicWorkerUserImages/9d2c41e4-1933-4e1f-a655-5e609c542766,68f7002e-49c0-4cad-8b79-87c4c26bf34a
e79e926b-0725-421a-8a24-bfbd6d1550dc,c8367fc3-d459-4b83-b48b-37521e6d4795,2024-08-22 11:11:21,c8367fc3-d459-4b83-b48b-37521e6d4795,2024-06-29 05:49:41,2024-05-20T16_17_38.png,IconicWorkerUserImages/8b170f3d-de93-40e1-b4fc-c5b934170ba4,c08d8e7b-0ab4-4d8f-aa8a-d5987a271f61
e80d5579-f9bb-4c90-8342-869fb30dcd1a,c8367fc3-d459-4b83-b48b-37521e6d4795,2024-08-23 05:57:09,c8367fc3-d459-4b83-b48b-37521e6d4795,2024-06-29 05:49:41,2024-05-20T16_17_38.png,IconicWorkerUserImages/8b170f3d-de93-40e1-b4fc-c5b934170ba4,0b217152-7738-47aa-8853-02c23891b55e
e8f2daba-9e36-419f-bda4-667422e75848,b91189e3-47b3-44b1-a685-0252e97c7d1c,2024-07-08 12:20:48,b91189e3-47b3-44b1-a685-0252e97c7d1c,2024-04-19 09:02:50,SampleAudio_0.4mb.mp3,IconicWorkerUserImages/e648c6ef-ed4e-47d5-9d17-03b7ad9e4e0f,6480390a-1507-4e81-955f-21586e79d9d3
eb05f78a-5e04-49ea-b345-9ea9de415fb2,c8367fc3-d459-4b83-b48b-37521e6d4795,2024-04-18 08:52:35,c8367fc3-d459-4b83-b48b-37521e6d4795,2024-04-18 06:34:58,SampleVideo_1280x720_2mb.mp4,IconicWorkerUserImages/365fb82a-d439-4b92-921c-fef3921b0dce,3692cdc3-8abe-4efe-ad97-62ae1d563709
efce4ad0-a49e-4845-b85c-477db017fe4b,b91189e3-47b3-44b1-a685-0252e97c7d1c,2024-07-16 04:11:29,b91189e3-47b3-44b1-a685-0252e97c7d1c,2024-07-16 04:11:29,file_example_XLSX_10.xlsx,IconicWorkerUserImages/735fff60-7a96-4854-90b5-905a3460a1e2,c1bec925-b8a7-4a2d-b5ca-d9cc7081caaa
f07a9c49-f301-446e-9f51-ca3613f73698,c8367fc3-d459-4b83-b48b-37521e6d4795,2024-04-18 06:46:59,c8367fc3-d459-4b83-b48b-37521e6d4795,2024-04-18 06:32:23,images.png,IconicWorkerUserImages/7d256242-8c43-4dab-b491-3f6884aadbe8,5a059381-8831-49ed-a21d-0c6c87c65fc9
f14a4d9f-7b6b-4026-b14d-784a69be39ef,c8367fc3-d459-4b83-b48b-37521e6d4795,2024-05-01 11:19:28,c8367fc3-d459-4b83-b48b-37521e6d4795,2024-05-01 11:19:28,IW_2024_9837739.pdf,IconicWorkerUserImages/5841e06d-a958-41c9-b9af-e7add3abc8e2,86d37ba7-91dc-451f-8fa5-e420a45f34d6
f30ed092-632b-4f81-a29d-e3248c0f0597,b91189e3-47b3-44b1-a685-0252e97c7d1c,2024-07-08 12:14:40,b91189e3-47b3-44b1-a685-0252e97c7d1c,2024-07-08 04:20:22,SampleAudio_0.4mb.mp3,IconicWorkerUserImages/9d2c41e4-1933-4e1f-a655-5e609c542766,d1cb48d1-32a7-4a09-bf81-a2a2e19dd403
f4216655-5b92-48e2-8e7e-2a1e72575564,b91189e3-47b3-44b1-a685-0252e97c7d1c,2024-04-19 09:25:54,b91189e3-47b3-44b1-a685-0252e97c7d1c,2024-04-19 09:05:52,WordPress_Demo_Content.jpg,IconicWorkerUserImages/b62e5980-466a-4a20-a913-8a44fa165c76,14f68f0b-4903-4e34-903e-77b4d84a662a
f4e19b85-ff9e-4028-80b3-d3417c604dee,b91189e3-47b3-44b1-a685-0252e97c7d1c,2024-07-08 11:39:24,b91189e3-47b3-44b1-a685-0252e97c7d1c,2024-07-08 04:20:22,SamplePDFFile_5mb.pdf,IconicWorkerUserImages/13e55e94-7483-4832-b93b-526a2a35ccb9,c83c31c8-aba1-44c7-ac41-a2a5c178700e
f52565aa-7723-45b3-a3d6-6e15867f835b,b91189e3-47b3-44b1-a685-0252e97c7d1c,2024-04-19 10:16:21,b91189e3-47b3-44b1-a685-0252e97c7d1c,2024-04-19 09:05:52,SampleVideo_1280x720_1mb (1).mp4,IconicWorkerUserImages/0a2b6924-7236-469a-9cd6-b9259d2f36cf,2d93908e-7d91-445d-9e3d-fa1e9bf2ec7e
f5449c2f-9e99-472e-bec7-4dc7b5207edd,b91189e3-47b3-44b1-a685-0252e97c7d1c,2024-04-23 08:48:58,b91189e3-47b3-44b1-a685-0252e97c7d1c,2024-04-23 04:28:00,SampleXLSFile_904kb.xls,IconicWorkerUserImages/a3096b60-80d4-4e03-9a02-05fd5c0bd9a4,d7a09fd1-cdb7-4d2b-8b8e-45cbb2b5417c
f76b6a5e-c397-4ddc-8a15-9fc807a19d0d,c8367fc3-d459-4b83-b48b-37521e6d4795,2024-06-29 05:49:50,c8367fc3-d459-4b83-b48b-37521e6d4795,2024-06-29 05:49:50,2024-05-20T16_17_28.png,IconicWorkerUserImages/df6d9005-0e76-4193-9328-a85ef13689c4,be74eb83-c11a-4d77-aba2-9963eb2e65a0
f7e5cd42-4962-449f-be4e-b1c7912ade7d,b91189e3-47b3-44b1-a685-0252e97c7d1c,2024-04-25 04:11:38,b91189e3-47b3-44b1-a685-0252e97c7d1c,2024-04-19 09:05:52,th.jpg,IconicWorkerUserImages/e592b232-5757-4e78-98da-468ea1247a5e,3dfa094f-b839-4034-8f9f-f6ffddfac5b2
f9a17a38-bbc9-4b04-9395-1bdbc828ed77,c8367fc3-d459-4b83-b48b-37521e6d4795,2024-04-18 06:46:59,c8367fc3-d459-4b83-b48b-37521e6d4795,2024-04-18 06:34:58,SampleXLSFile_904kb.xls,IconicWorkerUserImages/14554c74-c071-490b-979d-37e6f42773b2,db8b27cc-07e5-4b51-91d6-7831d61fc365
fb9cc287-64e5-4a56-90e9-5c354efe1474,b91189e3-47b3-44b1-a685-0252e97c7d1c,2024-07-09 09:54:21,b91189e3-47b3-44b1-a685-0252e97c7d1c,2024-07-08 04:20:22,SampleVideo_1280x720_1mb (1).mp4,IconicWorkerUserImages/c50551b4-42fb-4a0b-95b9-b4aa4370abfc,6eaf1d8c-2528-4044-840d-ae45d67aeb1e
fd347515-a801-497c-b5dc-841e7b5d9b09,c8367fc3-d459-4b83-b48b-37521e6d4795,2024-07-12 09:06:50,c8367fc3-d459-4b83-b48b-37521e6d4795,2024-06-29 05:49:50,2024-05-20T16_17_28.png,IconicWorkerUserImages/df6d9005-0e76-4193-9328-a85ef13689c4,526ff7b5-98cb-4910-9df4-bb39d2afcc95
fe4d9c8d-1845-4690-b5f4-9f995b5525dc,b91189e3-47b3-44b1-a685-0252e97c7d1c,2024-07-05 11:22:01,b91189e3-47b3-44b1-a685-0252e97c7d1c,2024-04-19 09:05:52,WordPress_Demo_Content.jpg,IconicWorkerUserImages/b62e5980-466a-4a20-a913-8a44fa165c76,93a5fc6b-ad17-4ab0-ab98-7648351fe2f8
ff908fe2-9848-4349-9e9d-a04541982ba5,b91189e3-47b3-44b1-a685-0252e97c7d1c,2024-07-09 09:54:21,b91189e3-47b3-44b1-a685-0252e97c7d1c,2024-07-08 04:20:22,SampleXLSFile_38kb.xls,IconicWorkerUserImages/7513624f-65d8-4985-8219-3638286d281c,6eaf1d8c-2528-4044-840d-ae45d67aeb1e
ffff776b-0c87-4b3a-abbb-a3823b735bca,c8367fc3-d459-4b83-b48b-37521e6d4795,2024-02-22 04:13:16,c8367fc3-d459-4b83-b48b-37521e6d4795,2024-02-22 04:13:16,file_example_XLSX_10.xlsx,IconicWorkerUserImages/5613269f-859e-4b7d-8d23-c5eaa1a68679,6ec9da2b-4b80-4bca-8fda-514723342a38
