id,work_title,work_date,work_description,subcontractor_id,worker_id,jobsite_id,created_date,updated_date,created_by,updated_by
04e0de1c-d0c7-4de7-863b-7f7ff28a7681,work,2024-06-18 00:00:00,,a3d2b1e9-d64f-46b7-85f5-af83442a5547,NULL,f1d49d1d-03b1-4917-9764-32c7eab3015b,2024-06-18 06:21:10,2024-06-18 06:21:10,a3d2b1e9-d64f-46b7-85f5-af83442a5547,a3d2b1e9-d64f-46b7-85f5-af83442a5547
0918600b-80dc-4177-a6f0-4ccd563ea043,Day1- Login,2024-04-23 00:00:00,Testing Work Description,8e9967a6-5915-45d4-a25e-11b1876d18df,NULL,de5cecf3-918b-484c-a569-015e776e0cf6,2024-04-23 09:49:54,2024-04-23 09:49:54,8e9967a6-5915-45d4-a25e-11b1876d18df,8e9967a6-5915-45d4-a25e-11b1876d18df
0be8f70c-7b4a-434d-80a7-d215f74ce27c,General Site Cleaner,2023-12-11 18:30:00,jk,a3d2b1e9-d64f-46b7-85f5-af83442a5547,NULL,1c953cbc-b87d-4c2d-ac23-23530729ff48,2023-12-13 10:19:46,2023-12-13 05:18:08,a3d2b1e9-d64f-46b7-85f5-af83442a5547,a3d2b1e9-d64f-46b7-85f5-af83442a5547
0fc093f0-0517-4754-ab15-9ef7094a873e,aqsww,2025-04-10 00:00:00,test,NULL,54fea194-4220-40ff-83dd-00c5a946dc25,cb4f2b55-04f6-4bb3-9091-1609d1526d77,2025-04-10 10:47:53,2025-04-10 10:47:53,54fea194-4220-40ff-83dd-00c5a946dc25,54fea194-4220-40ff-83dd-00c5a946dc25
0fd2e327-040b-4f47-abf6-9415a4b597e0,Login,2024-01-28 18:30:00,,NULL,1ec5afe3-043f-45dd-8f4c-7a84d55db398,b094d756-13fa-400a-9c96-d93c5927861c,2024-01-30 05:18:53,2024-01-30 05:18:53,1ec5afe3-043f-45dd-8f4c-7a84d55db398,1ec5afe3-043f-45dd-8f4c-7a84d55db398
109b6289-6c24-4495-8aea-5bc7d8315935,General Site Cleaner,2024-02-20 00:00:00,gh,NULL,1ec5afe3-043f-45dd-8f4c-7a84d55db398,4810398b-8749-42d0-bc63-c228baee057d,2024-02-22 13:19:17,2024-02-22 13:19:17,1ec5afe3-043f-45dd-8f4c-7a84d55db398,1ec5afe3-043f-45dd-8f4c-7a84d55db398
1101414d-5661-4b1c-98db-03eaf916ded7,update1.1,2023-07-21 12:12:12,big project,NULL,54fea194-4220-40ff-83dd-00c5a946dc25,c4b88fbc-3179-4b91-8aac-15dce77738e7,2023-11-06 03:26:16,2023-11-06 03:26:16,54fea194-4220-40ff-83dd-00c5a946dc25,54fea194-4220-40ff-83dd-00c5a946dc25
172da1e0-a675-4ac5-90dc-19c1381503a7,This work is created by HSZ,2023-10-22 18:30:00,Work Description 2,a3d2b1e9-d64f-46b7-85f5-af83442a5547,NULL,229ffc42-d045-40bc-86ba-4de491ac66de,2023-10-23 10:25:03,2023-10-31 04:33:17,a3d2b1e9-d64f-46b7-85f5-af83442a5547,a3d2b1e9-d64f-46b7-85f5-af83442a5547
17dd0416-5af8-4ef9-8e68-202f9b7a7a0d,Day1,2024-04-25 00:00:00,"The standard Lorem Ipsum passage, used since the 1500sn""Lorem ipsum dolor sit amet, consectetur adipiscing elit, sed do eiusmod tempor incididunt ut labore et dolore magna aliqua. Ut enim ad minim veniam, quis nostrud exercitation ullamco laboris nisi ut aliquip ex ea commodo consequat. Duis aute irure dolor in reprehenderit in voluptate velit esse cillum dolore eu fugiat nulla pariatur. Excepteur sint occaecat cupidatat non proident, sunt in culpa qui officia deserunt mollit anim id est laborum",8e9967a6-5915-45d4-a25e-11b1876d18df,NULL,3dfa094f-b839-4034-8f9f-f6ffddfac5b2,2024-04-25 10:21:51,2024-04-25 10:21:51,8e9967a6-5915-45d4-a25e-11b1876d18df,8e9967a6-5915-45d4-a25e-11b1876d18df
1adff174-a1c3-4219-9d1a-c82ea55c94b7,Test Title,2024-08-06 00:00:00,HSZ test Description,NULL,9e11456c-f0f6-48c7-9cbf-6f4447379727,6fbdfab4-75e6-42ad-9981-f75a8ef43e1e,2024-08-06 05:09:16,2024-08-06 05:09:16,9e11456c-f0f6-48c7-9cbf-6f4447379727,9e11456c-f0f6-48c7-9cbf-6f4447379727
1b558f82-db64-4830-9ad0-40424075ce03,Day1,2024-02-07 18:30:00,,NULL,9e11456c-f0f6-48c7-9cbf-6f4447379727,c0d77ddf-7598-4667-914c-369f873b891d,2024-02-12 04:42:35,2024-02-12 04:42:35,9e11456c-f0f6-48c7-9cbf-6f4447379727,9e11456c-f0f6-48c7-9cbf-6f4447379727
1ce224e5-6391-4fe4-984f-bc2917badb94,test,2024-08-22 00:00:00,,8e9967a6-5915-45d4-a25e-11b1876d18df,NULL,99b3463a-cfbb-4feb-bf3d-98d6ad213efa,2024-08-22 07:21:24,2024-08-22 07:21:24,8e9967a6-5915-45d4-a25e-11b1876d18df,8e9967a6-5915-45d4-a25e-11b1876d18df
1db8ec93-0eab-4fc6-86fe-52751b1f8c0e,Day1,2024-03-18 00:00:00,,NULL,1ec5afe3-043f-45dd-8f4c-7a84d55db398,b094d756-13fa-400a-9c96-d93c5927861c,2024-03-19 06:27:52,2024-03-19 06:27:52,1ec5afe3-043f-45dd-8f4c-7a84d55db398,1ec5afe3-043f-45dd-8f4c-7a84d55db398
1e260c5c-b28c-45c8-823b-bdfdb6b075ef,General Site Cleaner,2024-02-21 18:30:00,dfvbg,c1e99329-85c4-457f-9e56-40760d57aff5,NULL,0578d357-e93d-4532-a325-30709e0e55cf,2024-02-22 06:25:46,2024-02-22 06:25:46,c1e99329-85c4-457f-9e56-40760d57aff5,c1e99329-85c4-457f-9e56-40760d57aff5
1f8555cf-2219-40af-af66-0e278dff2219,General Site Cleaner,2024-02-22 00:00:00,hygtgf,NULL,1ec5afe3-043f-45dd-8f4c-7a84d55db398,4810398b-8749-42d0-bc63-c228baee057d,2024-02-22 11:42:37,2024-02-22 12:50:41,1ec5afe3-043f-45dd-8f4c-7a84d55db398,1ec5afe3-043f-45dd-8f4c-7a84d55db398
231e7312-5cca-424d-b298-9bfd79b5bb44,Work Day1,2023-11-01 18:30:00,Day 2,a3d2b1e9-d64f-46b7-85f5-af83442a5547,NULL,005c86f0-513c-4dae-ace9-d92dbdfde807,2023-11-02 10:42:12,2023-11-02 10:42:12,a3d2b1e9-d64f-46b7-85f5-af83442a5547,a3d2b1e9-d64f-46b7-85f5-af83442a5547
2632cf93-8165-4ebe-942e-cd14c4a61543,Day1,2024-02-28 00:00:00,,a3d2b1e9-d64f-46b7-85f5-af83442a5547,NULL,39225862-2faa-4f51-8547-ca8a1296f8f3,2024-02-28 07:18:51,2024-02-28 07:18:51,a3d2b1e9-d64f-46b7-85f5-af83442a5547,a3d2b1e9-d64f-46b7-85f5-af83442a5547
29cb3892-829f-4acf-b99b-c0be12fe6ce4,Test Title,2024-07-11 00:00:00,,NULL,97f643e5-b5b2-43a2-9c7a-ae9743219120,9ed49713-1a5a-459b-bf07-55bdbbb5c711,2024-07-11 09:10:59,2024-07-11 09:12:17,97f643e5-b5b2-43a2-9c7a-ae9743219120,97f643e5-b5b2-43a2-9c7a-ae9743219120
375371e8-9048-4915-b12d-9360708376d9,Test,2024-06-21 00:00:00,,8e9967a6-5915-45d4-a25e-11b1876d18df,NULL,0d9ece42-0a94-4033-be43-cd67e51be8cc,2024-06-21 07:05:44,2024-06-21 07:05:44,8e9967a6-5915-45d4-a25e-11b1876d18df,8e9967a6-5915-45d4-a25e-11b1876d18df
380c2405-0b59-44f1-92c1-c1f472286b83,Login xwrc,2024-05-08 00:00:00,,NULL,8a251f2b-92ec-4363-ac52-5e59c5755d05,f40b31eb-e368-49f5-8cf9-165fbb33b4a8,2024-05-08 12:29:33,2024-05-08 12:29:33,8a251f2b-92ec-4363-ac52-5e59c5755d05,8a251f2b-92ec-4363-ac52-5e59c5755d05
389cef98-0a0f-44ee-9486-f736223f9ede,Solar Panel Engineer,2025-04-29 00:00:00,We transport all the solar panel at your location that we will use in future.,NULL,00396ad8-b0f1-481e-bdcc-016bf5344ac2,6cf4f199-e12c-49d7-9d8f-a0ddfe6cb257,2025-04-29 12:46:19,2025-04-29 12:46:19,00396ad8-b0f1-481e-bdcc-016bf5344ac2,00396ad8-b0f1-481e-bdcc-016bf5344ac2
3a43db09-58d4-4559-9d2f-efe3ab9f9b82,General Site Cleaner,2023-12-15 18:30:00,jk,a3d2b1e9-d64f-46b7-85f5-af83442a5547,NULL,1c953cbc-b87d-4c2d-ac23-23530729ff48,2023-12-13 05:30:59,2023-12-13 05:30:59,a3d2b1e9-d64f-46b7-85f5-af83442a5547,a3d2b1e9-d64f-46b7-85f5-af83442a5547
3bc48e9c-d3c2-4151-a6a9-f48beb9aeb76,gftdyr,2024-08-29 00:00:00,gdf,73c35bda-c637-4513-a758-b9491df12540,NULL,4187013b-d1c5-4fcf-bbf8-04eb187fea4a,2024-08-29 09:03:08,2024-08-29 09:03:08,73c35bda-c637-4513-a758-b9491df12540,73c35bda-c637-4513-a758-b9491df12540
3c1c437a-5ff7-4cd5-b728-0d8ab43ac1aa,Site Clear and Preparation,2025-04-29 00:00:00,This is just for the checking how site clear on first day to start work.,2dc73d61-8642-42b9-bcea-817ee1d1abbf,NULL,d246baf6-0d26-44d0-b3b0-3927ba6fb826,2025-04-29 12:19:27,2025-04-29 12:19:27,2dc73d61-8642-42b9-bcea-817ee1d1abbf,2dc73d61-8642-42b9-bcea-817ee1d1abbf
4020888a-ba60-4efa-b9f2-91780320d412,Test,2024-05-16 00:00:00,,NULL,9e11456c-f0f6-48c7-9cbf-6f4447379727,96406da2-9efa-4863-9447-dca7f98d5cc5,2024-05-16 11:34:55,2024-05-16 11:34:55,9e11456c-f0f6-48c7-9cbf-6f4447379727,9e11456c-f0f6-48c7-9cbf-6f4447379727
4356bf32-737b-4d40-91df-34074133ef4a,Task2,2024-04-25 00:00:00,"The standard Lorem Ipsum passage, used since the 1500sn""Lorem ipsum dolor sit amet, consectetur adipiscing elit, sed do eiusmod tempor incididunt ut labore et dolore magna aliqua. Ut enim ad minim veniam, quis nostrud exercitation ullamco laboris nisi ut aliquip ex ea commodo consequat. Duis aute irure dolor in reprehenderit in voluptate velit esse cillum dolore eu fugiat nulla pariatur. Excepteur sint occaecat cupidatat non proident, sunt in culpa qui officia deserunt mollit anim id est laborum",8e9967a6-5915-45d4-a25e-11b1876d18df,NULL,645c5a29-7ba3-407a-ad0e-9cdf786dff09,2024-04-25 10:22:50,2024-04-25 10:22:50,8e9967a6-5915-45d4-a25e-11b1876d18df,8e9967a6-5915-45d4-a25e-11b1876d18df
47f30651-8b90-4a5e-87fc-3559d23fdb2e,Day1,2024-02-08 18:30:00,,NULL,54fea194-4220-40ff-83dd-00c5a946dc25,8b6322a9-d09c-4e76-8f66-08b0fac9a50d,2024-02-09 08:50:32,2024-02-09 08:50:32,54fea194-4220-40ff-83dd-00c5a946dc25,54fea194-4220-40ff-83dd-00c5a946dc25
49323932-d56c-476c-bf91-5aaa205a8a0f,Test,2024-06-20 00:00:00,,NULL,97f643e5-b5b2-43a2-9c7a-ae9743219120,b9d3a1ca-599f-4d5e-8fa7-af6148167f21,2024-06-21 11:52:14,2024-06-21 11:52:14,97f643e5-b5b2-43a2-9c7a-ae9743219120,97f643e5-b5b2-43a2-9c7a-ae9743219120
4f0c2dfc-12fa-4051-b70d-b0ce4edd11fa,Test,2023-11-06 18:30:00,sadsad Description,NULL,9e11456c-f0f6-48c7-9cbf-6f4447379727,52bfb1c7-255a-4be4-b2f8-d04b98d72769,2023-11-07 05:41:54,2023-11-07 09:48:01,9e11456c-f0f6-48c7-9cbf-6f4447379727,9e11456c-f0f6-48c7-9cbf-6f4447379727
4f77bb49-cd01-4ae8-a729-ba85451d2508,This work is created by HSZ,2023-10-23 18:30:00,Work Description,a3d2b1e9-d64f-46b7-85f5-af83442a5547,NULL,229ffc42-d045-40bc-86ba-4de491ac66de,2023-10-25 10:24:45,2023-10-25 10:24:45,a3d2b1e9-d64f-46b7-85f5-af83442a5547,a3d2b1e9-d64f-46b7-85f5-af83442a5547
52411a46-fe6e-4749-93ec-58e0109c1425,Test Title,2024-07-12 00:00:00,,a3d2b1e9-d64f-46b7-85f5-af83442a5547,NULL,5317f40f-0904-41f5-808d-802784d45430,2024-07-12 04:56:29,2024-07-12 05:02:31,a3d2b1e9-d64f-46b7-85f5-af83442a5547,a3d2b1e9-d64f-46b7-85f5-af83442a5547
53314ca3-7f5a-4291-8d13-4eacf7574624,Test,2024-04-25 00:00:00,"The standard Lorem Ipsum passage, used since the 1500sn""Lorem ipsum dolor sit amet, consectetur adipiscing elit, sed do eiusmod tempor incididunt ut labore et dolore magna aliqua. Ut enim ad minim veniam, quis nostrud exercitation ullamco laboris nisi ut aliquip ex ea commodo consequat. Duis aute irure dolor in reprehenderit in voluptate velit esse cillum dolore eu fugiat nulla pariatur. Excepteur sint occaecat cupidatat non proident, sunt in culpa qui officia deserunt mollit anim id est laborum",8e9967a6-5915-45d4-a25e-11b1876d18df,NULL,5e027741-740c-47f8-9f4d-39eb18845b94,2024-04-25 10:12:45,2024-04-25 10:15:01,8e9967a6-5915-45d4-a25e-11b1876d18df,8e9967a6-5915-45d4-a25e-11b1876d18df
56b3b545-97b8-4080-8f5f-511a953cffff,General Site Cleaner,2022-12-30 17:30:00,work completed,NULL,54fea194-4220-40ff-83dd-00c5a946dc25,404a908f-09c2-4ce4-b12d-34d2066b6df2,2023-12-04 23:03:48,2023-12-04 23:37:13,54fea194-4220-40ff-83dd-00c5a946dc25,54fea194-4220-40ff-83dd-00c5a946dc25
5a3cb306-e594-414b-a931-46bc4f9e2dc7,aaaaaaa,2024-08-22 00:00:00,,c1e99329-85c4-457f-9e56-40760d57aff5,NULL,cc7fc76a-698c-45a4-9a8e-0b53515e6eb0,2024-08-22 10:27:55,2024-08-22 10:29:43,c1e99329-85c4-457f-9e56-40760d57aff5,c1e99329-85c4-457f-9e56-40760d57aff5
5a7bf3cc-06d2-413f-bda7-04b631373ad7,Lorem Ipsum is simply dummy text of the printing and typesetting industry testing the work title,2024-04-22 00:00:00,"nThe standard Lorem Ipsum passage, used since the 1500snn""Lorem ipsum dolor sit amet, consectetur adipiscing elit, sed do eiusmod tempor incididunt ut labore et dolore magna aliqua. Ut enim ad minim veniam, quis nostrud exercitation ullamco laboris nisi ut aliquip ex ea commodo consequat. Duis aute irure dolor in reprehenderit in voluptate velit esse cillum dolore eu fugiat nulla pariatur. Excepteur sint occaecat cupidatat non proident, sunt in culpa qui officia deserunt mollit anim id est labor",NULL,c9a92ec3-4ed8-4db2-b186-cb54e9864a29,ceb01abb-e4be-42b5-94ab-0bcb9aa1ac7a,2024-04-22 09:43:28,2024-04-22 09:43:28,c9a92ec3-4ed8-4db2-b186-cb54e9864a29,c9a92ec3-4ed8-4db2-b186-cb54e9864a29
5aaa27bc-40fc-4c6f-ba24-494d9639a9b6,aqsww,2024-06-17 00:00:00,test 123,NULL,9e11456c-f0f6-48c7-9cbf-6f4447379727,c7d1240c-8932-4b9f-9b1d-4f33207f8561,2024-06-29 04:22:42,2024-06-29 04:22:42,9e11456c-f0f6-48c7-9cbf-6f4447379727,9e11456c-f0f6-48c7-9cbf-6f4447379727
5e752237-0ed4-4b5a-b5da-8b4871624dc6,TEST1,2024-06-28 00:00:00,TEST,NULL,9e11456c-f0f6-48c7-9cbf-6f4447379727,567cffe3-d7e1-48df-9f4b-3ba88337805b,2024-06-28 12:34:19,2024-06-28 12:34:19,9e11456c-f0f6-48c7-9cbf-6f4447379727,9e11456c-f0f6-48c7-9cbf-6f4447379727
64561ec6-0fa3-4f2a-9d62-1fe9c42f7397,logout,2024-04-23 00:00:00,Test Work Description,NULL,ea8d9856-029d-4071-8305-def44004aca8,172ee57d-184f-4133-9cea-296955695f46,2024-04-23 06:07:54,2024-04-23 06:07:54,ea8d9856-029d-4071-8305-def44004aca8,ea8d9856-029d-4071-8305-def44004aca8
692961e0-5da6-420b-bd90-27e07f9f9e22,Solar Panel Installation â€“ Alpha,2025-04-30 00:00:00," Installed 20 photovoltaic solar panels on the rooftop, completed electrical connections, and conducted initial performance testing.",6fdfa82e-6825-4658-a162-a518011bffd8,NULL,a5bc1de9-9df3-4259-8b1f-8e9f81e90be9,2025-04-30 06:20:08,2025-04-30 06:20:08,6fdfa82e-6825-4658-a162-a518011bffd8,6fdfa82e-6825-4658-a162-a518011bffd8
6bb7ba4f-4585-4d81-bb80-3583d3d4b3a7,aqsww,2024-06-28 00:00:00,test 2,NULL,9e11456c-f0f6-48c7-9cbf-6f4447379727,c7d1240c-8932-4b9f-9b1d-4f33207f8561,2024-06-29 04:23:07,2024-06-29 04:23:07,9e11456c-f0f6-48c7-9cbf-6f4447379727,9e11456c-f0f6-48c7-9cbf-6f4447379727
77124e5a-1378-44ee-99c9-3431dde45c8f,Test2304,2024-04-23 00:00:00,Test,NULL,ea8d9856-029d-4071-8305-def44004aca8,c35c5d7b-7b93-4ea9-b30a-b24d876f678a,2024-04-23 06:11:32,2024-04-23 06:11:32,ea8d9856-029d-4071-8305-def44004aca8,ea8d9856-029d-4071-8305-def44004aca8
790d8215-191e-4816-8148-b08552e31254,General Site Cleaner,2023-12-07 18:30:00,bh,NULL,54fea194-4220-40ff-83dd-00c5a946dc25,404a908f-09c2-4ce4-b12d-34d2066b6df2,2023-12-08 05:13:59,2023-12-08 05:13:59,54fea194-4220-40ff-83dd-00c5a946dc25,54fea194-4220-40ff-83dd-00c5a946dc25
80ac896f-e425-495f-8c76-eddc338a5c70,test,2024-07-10 00:00:00,test,NULL,a67a5cbd-c05f-40d6-b194-acad31f5ee97,2d5fc2fe-f022-4db2-bd4c-3180887d4163,2024-07-10 07:16:18,2024-07-10 07:16:18,a67a5cbd-c05f-40d6-b194-acad31f5ee97,a67a5cbd-c05f-40d6-b194-acad31f5ee97
828fe0cf-e2d4-460b-9d34-bb6bdb724ea6,Day1,2024-02-23 00:00:00,"Lorem Ipsum is simply dummy text of the printing and typesetting industry. Lorem Ipsum has been the industry's standard dummy text ever since the 1500s, when an unknown printer took a galley of type and scrambled it to make a type specimen book. It has survived not only five centuries, but also the leap into electronic typesetting, remaining essentially unchanged. It was popularised in the 1960s with the release of Letraset sheets containing Lorem Ipsum passages, and more recently with desktop p",NULL,1ec5afe3-043f-45dd-8f4c-7a84d55db398,22451b5e-a33d-4c0e-84be-a907971a8f2e,2024-02-23 05:11:44,2024-02-23 05:11:44,1ec5afe3-043f-45dd-8f4c-7a84d55db398,1ec5afe3-043f-45dd-8f4c-7a84d55db398
83b503b9-810d-48e5-b1e9-d7ca1ab0770f,Day1,2024-04-22 00:00:00,Test,8e9967a6-5915-45d4-a25e-11b1876d18df,NULL,94d74a2c-b1ad-47fa-a404-466ec6a85d6d,2024-04-22 09:10:17,2024-04-22 09:10:17,8e9967a6-5915-45d4-a25e-11b1876d18df,8e9967a6-5915-45d4-a25e-11b1876d18df
91fca597-b685-48d0-871c-3d706f8b14d0,test 1,2024-04-16 00:00:00,pppp,73c35bda-c637-4513-a758-b9491df12540,NULL,b844a4fc-8cdd-432e-9a86-458127acc811,2024-05-01 06:41:40,2024-05-01 06:41:40,73c35bda-c637-4513-a758-b9491df12540,73c35bda-c637-4513-a758-b9491df12540
94418878-673e-4d45-ae55-eda4a2f98602,QA Engineer,2025-05-05 00:00:00,This is just for the testing purpose we are checking that how it working fine or not ?,a3d2b1e9-d64f-46b7-85f5-af83442a5547,NULL,13759b7d-a341-4cee-9616-3aa38e697549,2025-05-05 08:38:55,2025-05-05 08:38:55,a3d2b1e9-d64f-46b7-85f5-af83442a5547,a3d2b1e9-d64f-46b7-85f5-af83442a5547
95216f60-2d71-4c52-bac4-ff6735953c9d,Regression testing,2024-05-09 00:00:00,Test description,NULL,c9a92ec3-4ed8-4db2-b186-cb54e9864a29,f34c5349-208d-40c3-acad-95af57906265,2024-05-09 06:30:56,2024-05-09 06:30:56,c9a92ec3-4ed8-4db2-b186-cb54e9864a29,c9a92ec3-4ed8-4db2-b186-cb54e9864a29
969893b6-a157-4e78-aabe-689e43a02b41,TEST5,2024-06-27 00:00:00,OVERRIDE,NULL,9e11456c-f0f6-48c7-9cbf-6f4447379727,567cffe3-d7e1-48df-9f4b-3ba88337805b,2024-06-28 12:35:32,2024-06-29 05:06:36,9e11456c-f0f6-48c7-9cbf-6f4447379727,9e11456c-f0f6-48c7-9cbf-6f4447379727
96e3af4d-4290-4655-b5f3-b27509276604,Day4,2024-02-23 00:00:00,,NULL,1ec5afe3-043f-45dd-8f4c-7a84d55db398,4810398b-8749-42d0-bc63-c228baee057d,2024-02-23 04:23:50,2024-02-23 04:23:50,1ec5afe3-043f-45dd-8f4c-7a84d55db398,1ec5afe3-043f-45dd-8f4c-7a84d55db398
a5da0eee-6d2a-422d-a1da-0a5e37a675a5,fgth,2024-02-13 18:30:00,ftgybh,NULL,9e11456c-f0f6-48c7-9cbf-6f4447379727,05000159-70b5-4904-8c0a-340151b39a5b,2024-02-15 09:52:37,2024-02-15 09:52:37,9e11456c-f0f6-48c7-9cbf-6f4447379727,9e11456c-f0f6-48c7-9cbf-6f4447379727
aa64a06e-0aae-43c2-9a87-3d3887ff2503,DAy 2,2023-01-24 18:30:00,,NULL,54fea194-4220-40ff-83dd-00c5a946dc25,c4b88fbc-3179-4b91-8aac-15dce77738e7,2023-11-23 01:54:22,2023-11-23 01:55:05,54fea194-4220-40ff-83dd-00c5a946dc25,54fea194-4220-40ff-83dd-00c5a946dc25
b657f54f-4498-4587-b713-807d41b4ec7e,Test Title,2024-06-18 00:00:00,,NULL,ea8d9856-029d-4071-8305-def44004aca8,9b959e7d-cf04-43bc-b8b5-3b8757029b5f,2024-06-18 11:59:38,2024-06-18 11:59:38,ea8d9856-029d-4071-8305-def44004aca8,ea8d9856-029d-4071-8305-def44004aca8
b6756ed4-fff4-48f1-8159-a995517a52fc,Site Preparation ,2025-04-29 00:00:00,Today we are putting the labour for the site clearance. ,2dc73d61-8642-42b9-bcea-817ee1d1abbf,NULL,87a364a5-c7b2-4f94-8897-35d5bb8453e0,2025-04-29 12:18:00,2025-04-29 12:18:00,2dc73d61-8642-42b9-bcea-817ee1d1abbf,2dc73d61-8642-42b9-bcea-817ee1d1abbf
b7c43e19-71a5-4e59-a352-9ad1180b8686,aqsww,2024-07-12 00:00:00,pppp,1c414d9d-c37d-47cd-9f7d-882d51abb8e6,NULL,d0bdd6ab-452c-4412-b1f8-71760d50ac11,2024-07-12 09:34:00,2024-07-12 09:34:00,1c414d9d-c37d-47cd-9f7d-882d51abb8e6,1c414d9d-c37d-47cd-9f7d-882d51abb8e6
b90934ec-fa60-4921-9dfa-22c581f4ea8c,Day1,2024-04-23 00:00:00,test,8e9967a6-5915-45d4-a25e-11b1876d18df,NULL,feacb584-f45b-4265-8568-4bce7584ee00,2024-04-23 07:22:00,2024-04-23 07:22:00,8e9967a6-5915-45d4-a25e-11b1876d18df,8e9967a6-5915-45d4-a25e-11b1876d18df
bdd540e3-d0b8-4433-ba4f-6459c9cbcc21,aaaaaaaaaaaaaaaaaaaaaaa,2024-08-20 00:00:00,,c1e99329-85c4-457f-9e56-40760d57aff5,NULL,cc7fc76a-698c-45a4-9a8e-0b53515e6eb0,2024-08-22 10:30:30,2024-08-22 10:30:30,c1e99329-85c4-457f-9e56-40760d57aff5,c1e99329-85c4-457f-9e56-40760d57aff5
c0c73a7c-974a-4a5d-80ea-1eb1a08d9fce,General Site Cleaner,2024-02-12 18:30:00,ju,73c35bda-c637-4513-a758-b9491df12540,NULL,94642b88-18eb-4563-b112-1442fff1a4c3,2024-02-13 04:59:18,2024-02-13 05:00:07,73c35bda-c637-4513-a758-b9491df12540,73c35bda-c637-4513-a758-b9491df12540
c28d2c94-b553-4a61-a1fc-a7a3a97354c7,day1,2024-02-08 18:30:00,,NULL,54fea194-4220-40ff-83dd-00c5a946dc25,7b2acad0-4827-49b1-95c1-c94a987a7fd0,2024-02-09 08:53:56,2024-02-09 08:53:56,54fea194-4220-40ff-83dd-00c5a946dc25,54fea194-4220-40ff-83dd-00c5a946dc25
c967734e-2395-4443-b76e-bd01e939afe8,Test,2024-06-18 00:00:00,,NULL,ea8d9856-029d-4071-8305-def44004aca8,40adcb3f-2de6-482a-bc4c-5b70014a9741,2024-06-18 05:03:40,2024-06-18 05:03:40,ea8d9856-029d-4071-8305-def44004aca8,ea8d9856-029d-4071-8305-def44004aca8
cc2fb817-94d1-4d61-bed9-49137ca4bc17,General Site Cleaner,2024-04-25 00:00:00,hvgb,a3d2b1e9-d64f-46b7-85f5-af83442a5547,NULL,aa03b26d-8edf-49a9-94d7-c9bd70827393,2024-04-26 10:44:24,2024-04-26 10:44:24,a3d2b1e9-d64f-46b7-85f5-af83442a5547,a3d2b1e9-d64f-46b7-85f5-af83442a5547
d1a16b1d-ca13-4a35-acd9-2b52b584be97,wednesday work,2023-10-17 18:30:00,wednesday work,a3d2b1e9-d64f-46b7-85f5-af83442a5547,NULL,005c86f0-513c-4dae-ace9-d92dbdfde807,2023-10-18 11:28:17,2023-10-18 11:28:17,a3d2b1e9-d64f-46b7-85f5-af83442a5547,a3d2b1e9-d64f-46b7-85f5-af83442a5547
d1a16b1d-ca13-4a35-acd9-2b52b584be98,thursday work,2023-10-20 18:30:00,thursday work,a3d2b1e9-d64f-46b7-85f5-af83442a5547,NULL,005c86f0-513c-4dae-ace9-d92dbdfde807,2023-10-18 11:28:17,2023-10-18 11:28:17,a3d2b1e9-d64f-46b7-85f5-af83442a5547,a3d2b1e9-d64f-46b7-85f5-af83442a5547
d1a16b1d-ca13-4a35-acd9-2b52b584be99,Thursday work2,2023-10-19 18:30:00,thursday work2,a3d2b1e9-d64f-46b7-85f5-af83442a5547,NULL,308dbea4-584d-4b3e-95ef-3bf1ef777c40,2023-10-18 11:30:43,2023-10-18 11:30:43,a3d2b1e9-d64f-46b7-85f5-af83442a5547,a3d2b1e9-d64f-46b7-85f5-af83442a5547
d54c8c92-da26-482e-be76-f8edf2c43108,Day1,2024-02-21 00:00:00,,NULL,1ec5afe3-043f-45dd-8f4c-7a84d55db398,4810398b-8749-42d0-bc63-c228baee057d,2024-02-22 11:40:25,2024-02-22 11:40:25,1ec5afe3-043f-45dd-8f4c-7a84d55db398,1ec5afe3-043f-45dd-8f4c-7a84d55db398
df1395bf-64b9-4b75-a953-35191b6d59d2,day1,2024-03-18 00:00:00,,NULL,ea8d9856-029d-4071-8305-def44004aca8,172ee57d-184f-4133-9cea-296955695f46,2024-03-18 10:52:46,2024-03-18 10:52:46,ea8d9856-029d-4071-8305-def44004aca8,ea8d9856-029d-4071-8305-def44004aca8
df2af54d-834c-4621-a474-58ee876dd3cf,Wednesday work 2,2023-10-17 18:30:00,Wednesday work 2,a3d2b1e9-d64f-46b7-85f5-af83442a5547,NULL,308dbea4-584d-4b3e-95ef-3bf1ef777c40,2023-10-18 11:30:43,2023-10-18 11:30:43,a3d2b1e9-d64f-46b7-85f5-af83442a5547,a3d2b1e9-d64f-46b7-85f5-af83442a5547
df2af54d-834c-4621-a474-58ee876dd3cg,Monday work,2023-10-30 18:30:00,Monday work,NULL,54fea194-4220-40ff-83dd-00c5a946dc25,cdc6effa-5151-41dc-93d9-c1d65c47303e,2023-10-30 11:30:00,2023-10-30 11:30:00,54fea194-4220-40ff-83dd-00c5a946dc25,54fea194-4220-40ff-83dd-00c5a946dc25
df2af54d-834c-4621-a474-58ee876dd3ch,Monday work2,2023-10-29 18:30:00,Monday work2,NULL,54fea194-4220-40ff-83dd-00c5a946dc25,cdc6effa-5151-41dc-93d9-c1d65c47303e,2023-10-29 11:30:00,2023-10-29 11:30:00,54fea194-4220-40ff-83dd-00c5a946dc25,54fea194-4220-40ff-83dd-00c5a946dc25
e076db1d-b2c0-49c3-804e-3f08fb29a60d,DAy 2,2023-11-22 18:30:00,,NULL,54fea194-4220-40ff-83dd-00c5a946dc25,c4b88fbc-3179-4b91-8aac-15dce77738e7,2023-11-23 07:21:31,2023-11-23 01:52:58,54fea194-4220-40ff-83dd-00c5a946dc25,54fea194-4220-40ff-83dd-00c5a946dc25
e13ce7c2-1754-47f0-9d80-0ed2e3aef7db,Test,2024-01-29 18:30:00,,NULL,1ec5afe3-043f-45dd-8f4c-7a84d55db398,b094d756-13fa-400a-9c96-d93c5927861c,2024-01-30 05:18:22,2024-01-30 05:18:22,1ec5afe3-043f-45dd-8f4c-7a84d55db398,1ec5afe3-043f-45dd-8f4c-7a84d55db398
e4f95a06-231c-4ab0-b513-43f082dd6d55,TEST3,2024-06-26 00:00:00,26TH,NULL,9e11456c-f0f6-48c7-9cbf-6f4447379727,567cffe3-d7e1-48df-9f4b-3ba88337805b,2024-06-28 13:35:37,2024-06-28 13:35:37,9e11456c-f0f6-48c7-9cbf-6f4447379727,9e11456c-f0f6-48c7-9cbf-6f4447379727
e6cbbce2-91c5-43f0-8930-1d76db54c719,Day1,2024-06-27 00:00:00,"The standard Lorem Ipsum passage, used since the 1500sn""Lorem ipsum dolor sit amet, consectetur adipiscing elit, sed do eiusmod tempor incididunt ut labore et dolore magna aliqua. Ut enim ad minim veniam, quis nostrud exercitation ullamco laboris nisi ut aliquip ex ea commodo consequat. Duis aute irure dolor in reprehenderit in voluptate velit esse cillum dolore eu fugiat nulla pariatur. Excepteur sint occaecat cupidatat non proident, sunt in culpa qui officia deserunt mollit anim id est laborum",c1e99329-85c4-457f-9e56-40760d57aff5,NULL,1c957d80-fbad-4567-89e2-3fa950d0558c,2024-06-27 06:03:46,2024-06-27 06:04:01,c1e99329-85c4-457f-9e56-40760d57aff5,c1e99329-85c4-457f-9e56-40760d57aff5
ea3be0d3-ec1e-4648-8479-94d8df0c9e07,General Site Cleaner,2022-12-30 18:30:00,work completed,NULL,54fea194-4220-40ff-83dd-00c5a946dc25,404a908f-09c2-4ce4-b12d-34d2066b6df2,2023-12-04 22:59:41,2023-12-04 22:59:41,54fea194-4220-40ff-83dd-00c5a946dc25,54fea194-4220-40ff-83dd-00c5a946dc25
eedbcb99-374a-4b72-83c7-243a51b70b7d,Registration,2024-04-02 00:00:00,,NULL,0c36a187-4358-49d8-96da-a03c74687490,d7cc663c-230b-40d1-a55d-0c4bc96f7654,2024-04-02 10:52:53,2024-04-02 10:52:53,0c36a187-4358-49d8-96da-a03c74687490,0c36a187-4358-49d8-96da-a03c74687490
eeebe464-18db-4c5c-8248-e1dec96c6601,General Site Cleaner,2023-12-04 18:30:00,pp,NULL,54fea194-4220-40ff-83dd-00c5a946dc25,404a908f-09c2-4ce4-b12d-34d2066b6df2,2023-12-05 04:12:55,2023-12-05 04:12:55,54fea194-4220-40ff-83dd-00c5a946dc25,54fea194-4220-40ff-83dd-00c5a946dc25
f3153e1f-5435-455c-b824-ff963e9eb7f9,wORK TITLE,2024-06-19 00:00:00,"The standard Lorem Ipsum passage, used since the 1500sn""Lorem ipsum dolor sit amet, consectetur adipiscing elit, sed do eiusmod tempor incididunt ut labore et dolore magna aliqua. Ut enim ad minim veniam, quis nostrud exercitation ullamco laboris nisi ut aliquip ex ea commodo consequat. Duis aute irure dolor in reprehenderit in voluptate velit esse cillum dolore eu fugiat nulla pariatur. Excepteur sint occaecat cupidatat non proident, sunt in culpa qui officia deserunt mollit anim id est laborum",NULL,ea8d9856-029d-4071-8305-def44004aca8,1e5ce605-a090-4e27-af3c-00b0b9bf855a,2024-06-19 10:26:26,2024-06-19 10:26:26,ea8d9856-029d-4071-8305-def44004aca8,ea8d9856-029d-4071-8305-def44004aca8
f4c3a44f-4e46-4050-84cc-ea9609d78b06,Day1,2024-07-12 00:00:00,,NULL,ea8d9856-029d-4071-8305-def44004aca8,cc68bb22-1c74-43e1-b028-cd1e3830565c,2024-07-12 10:44:57,2024-07-12 10:44:57,ea8d9856-029d-4071-8305-def44004aca8,ea8d9856-029d-4071-8305-def44004aca8
f6de3867-2be9-4842-a369-b210974c1c64,Day1,2024-02-11 18:30:00,,NULL,9e11456c-f0f6-48c7-9cbf-6f4447379727,2a4be8ed-0821-49b7-aba2-e7588383f67d,2024-02-12 04:35:02,2024-02-12 04:35:02,9e11456c-f0f6-48c7-9cbf-6f4447379727,9e11456c-f0f6-48c7-9cbf-6f4447379727
f7a0237f-1c04-441d-8120-8f0e43a6f340,Login wrc,2024-05-08 00:00:00,,NULL,a877c83c-637c-4b7b-8e74-6705e8ca084d,8725490c-e9e8-4ab4-8944-1a00d4e08d54,2024-05-08 12:27:49,2024-05-08 12:43:18,a877c83c-637c-4b7b-8e74-6705e8ca084d,a877c83c-637c-4b7b-8e74-6705e8ca084d
f8289094-8753-42ab-bd99-23b4841511ea,Day1-Registration,2024-04-23 00:00:00,Testing,8e9967a6-5915-45d4-a25e-11b1876d18df,NULL,d7a09fd1-cdb7-4d2b-8b8e-45cbb2b5417c,2024-04-23 09:28:21,2024-04-23 09:56:43,8e9967a6-5915-45d4-a25e-11b1876d18df,8e9967a6-5915-45d4-a25e-11b1876d18df
fbb114ed-99d7-4204-85b4-7aec1dd6b99b,General Site Cleaner,2024-05-01 00:00:00,ghyuf,73c35bda-c637-4513-a758-b9491df12540,NULL,86d37ba7-91dc-451f-8fa5-e420a45f34d6,2024-05-01 12:04:01,2024-05-01 12:04:01,73c35bda-c637-4513-a758-b9491df12540,73c35bda-c637-4513-a758-b9491df12540
fda55527-050a-47da-83bf-70be6f68676b,General Site Cleaner,2023-11-30 18:30:00,work completed,NULL,54fea194-4220-40ff-83dd-00c5a946dc25,404a908f-09c2-4ce4-b12d-34d2066b6df2,2023-12-05 04:04:47,2023-12-04 22:53:04,54fea194-4220-40ff-83dd-00c5a946dc25,54fea194-4220-40ff-83dd-00c5a946dc25
