id,created_by,created_date,updated_by,updated_date,filename,path,project_id
0202a66b-3748-4c31-9a0d-b11570aa1942,c8367fc3-d459-4b83-b48b-37521e6d4795,2024-05-30 09:42:27,c8367fc3-d459-4b83-b48b-37521e6d4795,2024-05-28 04:00:32,GET clientProfile_findByUser API.txt,IconicWorkerUserImages/7e3d1e00-c021-4324-a06e-3c48b831c1ae,9af1b097-c3c2-4e17-8918-c290ec45c374
0286dd37-e299-4eb2-8a0c-1674a8a9d0c4,b91189e3-47b3-44b1-a685-0252e97c7d1c,2024-06-04 05:46:15,b91189e3-47b3-44b1-a685-0252e97c7d1c,2024-04-24 09:35:52,SamplePNGImage_500kbmb.png,IconicWorkerUserImages/172325df-e2f6-4af5-a768-55ebb95ffe2e,46e69586-bb0f-424f-a6ae-1c7e81bfc4aa
02c33ccb-4222-4e8e-a333-a2a59ef4fa91,b91189e3-47b3-44b1-a685-0252e97c7d1c,2024-04-24 09:44:07,b91189e3-47b3-44b1-a685-0252e97c7d1c,2024-04-24 09:35:52,SamplePNGImage_500kbmb.png,IconicWorkerUserImages/172325df-e2f6-4af5-a768-55ebb95ffe2e,95b05cb2-11b9-433a-9c0c-0d50229be6be
03365da0-d35e-47f7-bc59-2237cbf81b91,c8367fc3-d459-4b83-b48b-37521e6d4795,2024-03-08 11:50:13,c8367fc3-d459-4b83-b48b-37521e6d4795,2024-03-04 12:33:42,507442000000363164_Geovanni_Gaspar (1).pdf,IconicWorkerUserImages/62080a68-abb7-4baf-a98f-2346bd030e1b,8304ebbe-68d5-4ff7-b5ad-99c3cf4fa8be
035fe89f-63b5-456a-af44-44897fe13b16,c8367fc3-d459-4b83-b48b-37521e6d4795,2024-03-04 12:14:39,c8367fc3-d459-4b83-b48b-37521e6d4795,2024-03-04 12:14:39,manual-testing-2-years-exp.doc,IconicWorkerUserImages/cffb1bcc-fee5-45ba-a3bb-3c95177587d5,d2822d05-a3f5-44fc-980a-27b97a0df6ca
05366f7a-cfe2-4726-ab8a-fdaa11e1cc8e,b91189e3-47b3-44b1-a685-0252e97c7d1c,2024-04-23 04:23:43,b91189e3-47b3-44b1-a685-0252e97c7d1c,2024-04-23 04:23:43,sample.pdf,IconicWorkerUserImages/7b24d81a-0df6-4718-ac6b-cb3acfdc0e92,ec77fca4-82ea-4974-adfc-1d5bf9825529
06118bdb-dbcf-4797-9caf-ab8661923d89,b91189e3-47b3-44b1-a685-0252e97c7d1c,2024-04-23 08:48:58,b91189e3-47b3-44b1-a685-0252e97c7d1c,2024-04-23 04:23:43,sample.pdf,IconicWorkerUserImages/7b24d81a-0df6-4718-ac6b-cb3acfdc0e92,8f18777d-a3eb-4a3c-a47a-b8a84f7c11d8
06984fee-ed76-4de4-afbc-485c7b791b21,b91189e3-47b3-44b1-a685-0252e97c7d1c,2024-04-19 10:39:11,b91189e3-47b3-44b1-a685-0252e97c7d1c,2024-04-19 09:01:27,Home.jpg,IconicWorkerUserImages/98351450-736a-4b80-8432-c3d9cb3bc0c3,aa626b74-3cac-465c-945e-0f857999547b
07de4e11-a072-42a5-9cea-1d6c438b1e04,c8367fc3-d459-4b83-b48b-37521e6d4795,2024-03-04 12:14:39,c8367fc3-d459-4b83-b48b-37521e6d4795,2024-03-04 12:14:39,images.jpg,IconicWorkerUserImages/d2f896ae-2796-4a45-98c1-2bc59eb0edcd,d2822d05-a3f5-44fc-980a-27b97a0df6ca
0820e4da-ce68-45f0-8fcb-8c40a6907542,c8367fc3-d459-4b83-b48b-37521e6d4795,2024-03-05 03:38:14,c8367fc3-d459-4b83-b48b-37521e6d4795,2024-03-05 03:38:14,sample.pdf,IconicWorkerUserImages/aa688691-bb95-4df3-a164-169c9c6ee117,413a1fa9-fe04-4d14-9fd3-8795dd08641d
0866734d-7e73-4181-a8ec-b95c7cb5e3a9,b91189e3-47b3-44b1-a685-0252e97c7d1c,2024-07-08 11:39:24,b91189e3-47b3-44b1-a685-0252e97c7d1c,2024-07-08 04:18:36,SampleAudio_0.4mb.mp3,IconicWorkerUserImages/125be765-9779-40e1-98dc-9b3be4515a7d,e37127f6-4abe-47f1-bb15-bcdd5fbab0b6
0b7c6f04-a4f2-491c-a23e-c72ca2c6270f,c8367fc3-d459-4b83-b48b-37521e6d4795,2024-08-22 11:11:21,c8367fc3-d459-4b83-b48b-37521e6d4795,2024-06-29 05:49:23,2024-05-20T16_17_28.png,IconicWorkerUserImages/9c12da9a-651b-4a5a-bff8-51c82a8190ce,8be149f1-9edc-45d5-8a11-a0732199ab05
0c381424-9f27-4121-a1b2-ec067f5cede3,b91189e3-47b3-44b1-a685-0252e97c7d1c,2024-04-23 04:23:43,b91189e3-47b3-44b1-a685-0252e97c7d1c,2024-04-23 04:23:43,SampleVideo_1280x720_1mb (1).mp4,IconicWorkerUserImages/163de9d0-1dc5-4476-ab05-be704922d234,ec77fca4-82ea-4974-adfc-1d5bf9825529
0e2da336-0ce8-4ab4-ac11-4290c48c6ac4,c8367fc3-d459-4b83-b48b-37521e6d4795,2024-03-04 12:33:42,c8367fc3-d459-4b83-b48b-37521e6d4795,2024-03-04 12:33:42,507442000000363164_Geovanni_Gaspar (1).pdf,IconicWorkerUserImages/62080a68-abb7-4baf-a98f-2346bd030e1b,549986e4-441e-4876-89e0-2d1726d11301
10fc91ee-07f4-4fb6-b072-db5db9c9df40,c8367fc3-d459-4b83-b48b-37521e6d4795,2023-11-30 07:23:59,c8367fc3-d459-4b83-b48b-37521e6d4795,2023-11-30 07:23:59,IW_2023_2126197.pdf,IconicWorkerUserImages/9d6653ca-618b-4e5a-81b1-b5e33a82353d,ab286d4c-10e4-46de-b81a-3710785c3f95
117d4a0b-db62-4048-9cbe-91c16c1fb9a0,c8367fc3-d459-4b83-b48b-37521e6d4795,2023-10-19 11:48:36,c8367fc3-d459-4b83-b48b-37521e6d4795,2023-05-19 12:02:16,EnrollStudent (2).csv,IconicWorkerUserImages/5177888a-8296-470c-9a89-bc67365b9b47,51175f4b-b265-408c-b168-f2fc515b1875
11b5e948-378b-47f8-8132-9cb9a0a987db,c8367fc3-d459-4b83-b48b-37521e6d4795,2024-06-27 05:33:03,c8367fc3-d459-4b83-b48b-37521e6d4795,2024-06-27 05:33:03,SamplePNGImage_1mbmb.png,IconicWorkerUserImages/f37eeb4e-b2d1-4c63-bb4c-f0fd209fc4c7,dccdac4c-9266-4adb-adb4-ef95afe343d6
11fd442d-fc39-49e5-a8aa-4d8017c7c91f,b91189e3-47b3-44b1-a685-0252e97c7d1c,2024-07-16 04:05:29,b91189e3-47b3-44b1-a685-0252e97c7d1c,2024-07-16 04:05:29,SamplePNGImage_500kbmb.png,IconicWorkerUserImages/42a7cb25-069e-4f88-84fd-ac8e8657005d,631c4e4b-d83e-4c06-83e5-bca4448d3dd4
1232a6f8-b3b1-440a-8b25-9b5a30663b2f,c8367fc3-d459-4b83-b48b-37521e6d4795,2024-08-02 04:28:42,c8367fc3-d459-4b83-b48b-37521e6d4795,2024-06-29 05:49:23,2024-05-20T16_17_28.png,IconicWorkerUserImages/9c12da9a-651b-4a5a-bff8-51c82a8190ce,d8199bc6-7eb4-496c-8dac-babfbb0340c2
13381652-6e3a-47ae-9c9e-1173d06b73aa,c8367fc3-d459-4b83-b48b-37521e6d4795,2024-04-18 06:28:51,c8367fc3-d459-4b83-b48b-37521e6d4795,2024-04-18 06:28:51,automation-testing-5-years-exp.doc,IconicWorkerUserImages/d55dcf3c-dd5d-4033-b9b8-b5d1d1f3cb14,0fdf5fbd-b395-4da2-85c1-90e89d48d4ec
150dc1d0-112d-4080-990d-049b58b59381,b91189e3-47b3-44b1-a685-0252e97c7d1c,2024-04-24 10:50:37,b91189e3-47b3-44b1-a685-0252e97c7d1c,2024-04-24 09:35:52,SampleVideo_1280x720_1mb (1).mp4,IconicWorkerUserImages/9fb163bc-73d8-4652-a2ee-13d86756c5c9,f8c2e2dc-0ecc-4071-8e84-c567c64c9c70
167012a0-fd67-429e-9091-f6b174563c6d,c8367fc3-d459-4b83-b48b-37521e6d4795,2025-04-14 09:08:43,c8367fc3-d459-4b83-b48b-37521e6d4795,2024-06-29 05:49:23,2024-05-20T16_17_28.png,IconicWorkerUserImages/9c12da9a-651b-4a5a-bff8-51c82a8190ce,bdf4e898-15eb-4f34-8d08-f57287747565
168eee81-5bf2-4346-a21d-7b483f098424,b91189e3-47b3-44b1-a685-0252e97c7d1c,2024-04-18 08:39:48,b91189e3-47b3-44b1-a685-0252e97c7d1c,2024-04-18 07:07:04,sample.pdf,IconicWorkerUserImages/a72c29b6-42e2-4489-9338-1e3715c42423,dc30dffd-ed48-4225-99dd-b191c67a104e
1c3d508d-f9ad-44e2-888e-d813d462f5b2,c8367fc3-d459-4b83-b48b-37521e6d4795,2024-08-20 08:52:32,c8367fc3-d459-4b83-b48b-37521e6d4795,2024-06-29 05:49:23,2024-05-20T16_17_28.png,IconicWorkerUserImages/9c12da9a-651b-4a5a-bff8-51c82a8190ce,e11e3989-a1c5-4b17-b37d-66f64f08ff4f
1c63b032-6268-4a50-a834-eff995699cd2,c8367fc3-d459-4b83-b48b-37521e6d4795,2024-08-16 11:59:25,c8367fc3-d459-4b83-b48b-37521e6d4795,2024-06-29 05:49:23,2024-05-20T16_17_28.png,IconicWorkerUserImages/9c12da9a-651b-4a5a-bff8-51c82a8190ce,23d4d99f-20eb-4ccb-bfe0-923fc301a112
1d4b6c2e-7ee7-4d66-9181-40c57f094c2f,1459f8aa-5b5e-45f2-9bdc-f3097960a439,2022-02-16 15:11:52,1459f8aa-5b5e-45f2-9bdc-f3097960a439,2022-02-16 15:11:52,Mastec - FTTH SOW 2-4-2022 (HARTFORD).pdf,IconicWorkerUserImages/acd333a4-e2ca-46c4-87dc-5da1eaffd733,5f2af86f-a63a-44b7-8c77-dc41076376ee
1e76408f-94c2-411f-9b5c-d44dbc182be4,1459f8aa-5b5e-45f2-9bdc-f3097960a439,2022-01-26 12:46:59,1459f8aa-5b5e-45f2-9bdc-f3097960a439,2022-01-26 12:46:59,SOW T-MOBILE.pdf,IconicWorkerUserImages/08d1044c-0522-4302-9137-9b0f5fe36ef4,c0272293-eb5e-4b68-b162-6dc8066a49b8
1e80f480-95b0-4145-b867-00e8afdb5970,c8367fc3-d459-4b83-b48b-37521e6d4795,2023-05-19 12:03:57,c8367fc3-d459-4b83-b48b-37521e6d4795,2023-05-19 12:03:57,LeaderCSVFormat.csv,IconicWorkerUserImages/dbc2657c-ab8f-4757-96a4-cb8f42495174,25fffb5a-7f50-4ce9-8a9c-2d769eef0359
1eaa42e2-bc14-4eef-8a9f-031ab9637112,c8367fc3-d459-4b83-b48b-37521e6d4795,2024-08-01 11:53:59,c8367fc3-d459-4b83-b48b-37521e6d4795,2024-06-29 05:49:23,2024-05-20T16_17_28.png,IconicWorkerUserImages/9c12da9a-651b-4a5a-bff8-51c82a8190ce,88120d93-1af1-4fbc-bdaa-47fa5f817e0d
1eb63e90-541a-45f7-a4e4-be53679af535,b91189e3-47b3-44b1-a685-0252e97c7d1c,2024-07-08 12:14:40,b91189e3-47b3-44b1-a685-0252e97c7d1c,2024-07-08 04:18:36,SamplePDFFile_5mb.pdf,IconicWorkerUserImages/7ef6453c-09a0-4f90-8a65-7763e332c8e0,d827840b-72da-4729-905c-62e0205f3d8b
1f93d607-9d0f-4ce5-8df5-a40497b45a87,b91189e3-47b3-44b1-a685-0252e97c7d1c,2024-04-23 08:48:58,b91189e3-47b3-44b1-a685-0252e97c7d1c,2024-04-23 04:23:43,Building.jpg,IconicWorkerUserImages/5bca0e45-b291-451d-84c5-c2fd26bab008,8f18777d-a3eb-4a3c-a47a-b8a84f7c11d8
20a79540-aa10-4ce4-b17b-c1cb45721122,c8367fc3-d459-4b83-b48b-37521e6d4795,2023-12-06 07:19:12,c8367fc3-d459-4b83-b48b-37521e6d4795,2023-12-06 07:19:12,image_hX.png,IconicWorkerUserImages/ceeebdf8-7acf-4d86-a709-f9b317b56b82,85657d4e-5c23-4e8c-a0a5-a8871d4f7fa1
22c4f667-89ff-40f3-b39a-9ee0f17bc002,c8367fc3-d459-4b83-b48b-37521e6d4795,2023-11-23 09:36:32,c8367fc3-d459-4b83-b48b-37521e6d4795,2023-11-23 09:36:32,SiteWorker FIgma Design Sales Presentation Brief (1).docx,IconicWorkerUserImages/0918ded8-0e90-410d-a82d-d08658c37f67,d770c736-bb4e-43a2-a37c-8777b455a2b0
2349f355-25df-43bc-a5ea-2081cbada041,c8367fc3-d459-4b83-b48b-37521e6d4795,2024-03-04 12:14:39,c8367fc3-d459-4b83-b48b-37521e6d4795,2024-03-04 12:14:39,Home.jpg,IconicWorkerUserImages/13ffef25-0fa5-4801-8278-aa4d3989e3c2,d2822d05-a3f5-44fc-980a-27b97a0df6ca
23ef785a-de56-47c0-9117-adecd805b385,b91189e3-47b3-44b1-a685-0252e97c7d1c,2024-05-08 11:58:37,b91189e3-47b3-44b1-a685-0252e97c7d1c,2024-04-24 09:35:52,SamplePNGImage_500kbmb.png,IconicWorkerUserImages/172325df-e2f6-4af5-a768-55ebb95ffe2e,c9fdbb51-211a-4e94-9d30-ecbca5d73c3d
254f7e37-ab26-4331-a337-eba003fd2854,c8367fc3-d459-4b83-b48b-37521e6d4795,2024-08-01 12:51:55,c8367fc3-d459-4b83-b48b-37521e6d4795,2024-06-29 05:49:23,2024-05-20T16_17_28.png,IconicWorkerUserImages/9c12da9a-651b-4a5a-bff8-51c82a8190ce,9f6a219b-206d-48b1-9a5d-2111e2bac0a6
258fba6d-6e9c-4530-a2c6-df7f3e66c56a,c8367fc3-d459-4b83-b48b-37521e6d4795,2024-03-08 12:30:05,c8367fc3-d459-4b83-b48b-37521e6d4795,2024-03-04 10:44:05,file_example_XLSX_10.xlsx,IconicWorkerUserImages/f5f14550-dd1d-4436-9ef5-8c4ef1bd81a9,2336ada8-8652-496d-8eab-7c0809b96d70
265b4669-4b10-4294-9fb5-5af206fa1008,b91189e3-47b3-44b1-a685-0252e97c7d1c,2024-07-09 09:54:21,b91189e3-47b3-44b1-a685-0252e97c7d1c,2024-07-08 04:18:36,SampleXLSFile_38kb.xls,IconicWorkerUserImages/eed84d77-0e77-43fa-b787-53f155f1012a,e8ba95a1-d22b-46a4-abe1-0f38fe618aa7
265ea677-9894-4dc6-9924-2ef78c3c6a1e,b91189e3-47b3-44b1-a685-0252e97c7d1c,2024-07-08 10:19:52,b91189e3-47b3-44b1-a685-0252e97c7d1c,2024-07-08 04:18:36,SamplePNGImage_5mbmb.png,IconicWorkerUserImages/dd2caa87-cf87-4618-a766-8bd3efd62902,d71254fc-652e-487f-a1e7-9da86b0caa31
27565de4-1e7d-4ed7-a384-27a917e8325f,c8367fc3-d459-4b83-b48b-37521e6d4795,2024-02-05 10:26:49,c8367fc3-d459-4b83-b48b-37521e6d4795,2024-02-05 10:26:49,PD_ALA_AQ1C5914 (1).pdf,IconicWorkerUserImages/ffae8b67-a527-44f4-aed2-35c91b863b40,93d72532-a1ea-4ebf-bdd4-5acaca70a4f5
277e4d47-b723-4d47-9611-f8ee8c9dd6c5,c8367fc3-d459-4b83-b48b-37521e6d4795,2024-06-10 04:06:20,c8367fc3-d459-4b83-b48b-37521e6d4795,2024-05-28 04:00:32,GET clientProfile_findByUser API.txt,IconicWorkerUserImages/7e3d1e00-c021-4324-a06e-3c48b831c1ae,1c6297d9-a315-4761-bd4b-642248693927
2973c121-5516-42f0-9450-e3a2094d81cf,c8367fc3-d459-4b83-b48b-37521e6d4795,2024-04-18 08:52:35,c8367fc3-d459-4b83-b48b-37521e6d4795,2024-04-18 06:28:51,SampleAudio_0.4mb.mp3,IconicWorkerUserImages/89add2a0-b891-4eda-a7eb-b704c938b55b,a2f9edf4-df43-4ab4-8105-e476bcae111f
2b0aa691-643b-4700-9b2d-ca2d5fb27367,b91189e3-47b3-44b1-a685-0252e97c7d1c,2024-04-19 09:01:27,b91189e3-47b3-44b1-a685-0252e97c7d1c,2024-04-19 09:01:27,Home.jpg,IconicWorkerUserImages/98351450-736a-4b80-8432-c3d9cb3bc0c3,8a4ca246-05a8-480c-a234-23590d22cfc8
2b4892a6-63d7-4e87-bbae-822b9fc642d6,c8367fc3-d459-4b83-b48b-37521e6d4795,2024-07-08 04:22:44,c8367fc3-d459-4b83-b48b-37521e6d4795,2024-07-08 04:22:44,2024-05-20T16_17_38.png,IconicWorkerUserImages/c5b4207f-2d95-4085-ae1b-fbf533d47527,525a0b6b-35ea-4eac-beed-fa3da163bcbc
2b8eaaab-8055-47ff-8ef7-4ee643e7435a,b91189e3-47b3-44b1-a685-0252e97c7d1c,2024-04-24 09:35:52,b91189e3-47b3-44b1-a685-0252e97c7d1c,2024-04-24 09:35:52,SamplePNGImage_500kbmb.png,IconicWorkerUserImages/172325df-e2f6-4af5-a768-55ebb95ffe2e,8c299b94-fd1f-447b-8834-75c88d7d78d0
2bf1c2f0-1389-45ef-86b9-1c47c49e739c,b91189e3-47b3-44b1-a685-0252e97c7d1c,2024-04-24 09:44:07,b91189e3-47b3-44b1-a685-0252e97c7d1c,2024-04-24 09:35:52,SamplePNGImage_5mbmb.png,IconicWorkerUserImages/2b86a5b1-7bd3-4b8a-a9be-6a880a8730cb,95b05cb2-11b9-433a-9c0c-0d50229be6be
2bf6746f-c513-4f25-a442-c89b55b3f9d3,c8367fc3-d459-4b83-b48b-37521e6d4795,2024-07-15 05:55:09,c8367fc3-d459-4b83-b48b-37521e6d4795,2024-06-29 05:49:23,2024-05-20T16_17_28.png,IconicWorkerUserImages/9c12da9a-651b-4a5a-bff8-51c82a8190ce,06911f85-7957-4bb2-a28d-1503ab56c2db
2c430ac3-9eeb-4810-a448-e5531880ada0,c8367fc3-d459-4b83-b48b-37521e6d4795,2024-04-18 08:52:35,c8367fc3-d459-4b83-b48b-37521e6d4795,2024-04-18 06:28:51,sample.pdf,IconicWorkerUserImages/c7fa7f15-0dd8-49df-a5c2-8a67a23a03c7,a2f9edf4-df43-4ab4-8105-e476bcae111f
2cb78594-6219-4029-985a-30596808f470,b91189e3-47b3-44b1-a685-0252e97c7d1c,2024-04-25 03:48:31,b91189e3-47b3-44b1-a685-0252e97c7d1c,2024-04-23 04:23:43,file_example_XLSX_10.xlsx,IconicWorkerUserImages/938b75f7-f96c-4970-9c14-39a57dfac6f4,7dba383e-a9fc-44fd-b987-e8bc54376bd2
2d0723bb-6a79-4fa3-b97e-56ae6a764b22,c8367fc3-d459-4b83-b48b-37521e6d4795,2024-02-14 07:01:30,c8367fc3-d459-4b83-b48b-37521e6d4795,2024-02-14 07:01:30,Google Tag Manager Integration marketplace.siteworker.com (2).pdf,IconicWorkerUserImages/f976752e-654c-4121-ad66-ee1661d0028f,53b30306-a528-4a6c-a51c-b54aea91c826
2d288dea-e408-43c1-83c0-24eefb1677be,c8367fc3-d459-4b83-b48b-37521e6d4795,2023-10-18 12:03:19,c8367fc3-d459-4b83-b48b-37521e6d4795,2023-05-19 12:03:57,LeaderCSVFormat.csv,IconicWorkerUserImages/dbc2657c-ab8f-4757-96a4-cb8f42495174,4c2154e2-9401-4256-a7d9-442d69402e68
2e08eef2-704f-44ab-a355-d005a6699d5d,c8367fc3-d459-4b83-b48b-37521e6d4795,2024-07-18 06:05:12,c8367fc3-d459-4b83-b48b-37521e6d4795,2024-06-29 05:49:23,2024-05-20T16_17_28.png,IconicWorkerUserImages/9c12da9a-651b-4a5a-bff8-51c82a8190ce,1f77aad2-8f01-480f-94fe-e00a9efe43b2
2f75d045-a475-4a89-b6e9-e5cccbb563a3,c8367fc3-d459-4b83-b48b-37521e6d4795,2022-06-03 04:56:38,c8367fc3-d459-4b83-b48b-37521e6d4795,2022-06-03 04:56:38,test.txt,IconicWorkerUserImages/4aad2462-b549-471e-ac93-9afb5dc89da1,f8f9ad65-d723-417b-8128-e7832f5c9d89
30bba495-074f-4ba8-8922-f3d6921c1804,c8367fc3-d459-4b83-b48b-37521e6d4795,2024-02-15 10:16:27,c8367fc3-d459-4b83-b48b-37521e6d4795,2024-02-15 10:16:27,SampleAudio_0.7mb.mp3,IconicWorkerUserImages/d1e8ccdf-e125-44c5-8d79-e36a3a7a0da6,5bf9808e-e21a-4d78-9a6b-31c467c23b64
30d3b839-2f46-4e5d-8f3f-2a7de04ba0f2,c8367fc3-d459-4b83-b48b-37521e6d4795,2024-03-08 12:30:05,c8367fc3-d459-4b83-b48b-37521e6d4795,2024-03-04 12:33:43,question-answer.xls,IconicWorkerUserImages/f60abf16-2d7b-4444-9e81-61d3f196abb3,2336ada8-8652-496d-8eab-7c0809b96d70
30dd4b85-a308-4d21-bd36-f1e6aebe88f3,c8367fc3-d459-4b83-b48b-37521e6d4795,2024-05-01 11:18:45,c8367fc3-d459-4b83-b48b-37521e6d4795,2024-05-01 11:18:45,IW_2024_9837739.pdf,IconicWorkerUserImages/9b52a5d6-fb1d-462d-8edd-42e07c0ffc97,7bc3892e-eb59-47dd-a30c-9275d6a95100
3105f077-7be4-40d3-8a68-aec309e73e49,c8367fc3-d459-4b83-b48b-37521e6d4795,2023-11-30 07:25:03,c8367fc3-d459-4b83-b48b-37521e6d4795,2023-11-30 07:25:03,IW_2023_2126197-2.pdf,IconicWorkerUserImages/00bacc30-077c-4ae2-9c71-613dc0e184c6,ab286d4c-10e4-46de-b81a-3710785c3f95
3237c0c3-fcbd-42b2-a241-205e84e48384,ba76ab82-500d-40c0-a6ab-130d35381de8,2022-04-07 07:12:28,ba76ab82-500d-40c0-a6ab-130d35381de8,2022-02-10 17:13:59,Network Maintenance Pricing.pdf,IconicWorkerUserImages/abffd9a1-a576-4491-bd39-30f617b470de,77622a0f-077f-48e9-9ae5-e15c0c4eb354
33fa4b0d-78cf-4b21-afc5-e73890a76a11,b91189e3-47b3-44b1-a685-0252e97c7d1c,2024-04-24 09:35:52,b91189e3-47b3-44b1-a685-0252e97c7d1c,2024-04-24 09:35:52,SampleVideo_1280x720_1mb (1).mp4,IconicWorkerUserImages/9fb163bc-73d8-4652-a2ee-13d86756c5c9,8c299b94-fd1f-447b-8834-75c88d7d78d0
341fda76-8714-45b0-b582-4ac95b72b3f9,c8367fc3-d459-4b83-b48b-37521e6d4795,2024-08-22 10:59:09,c8367fc3-d459-4b83-b48b-37521e6d4795,2024-06-29 05:49:23,2024-05-20T16_17_28.png,IconicWorkerUserImages/9c12da9a-651b-4a5a-bff8-51c82a8190ce,0033cb83-cd09-412c-a6e8-1eb4f3918d0f
347c0093-9546-41f8-8714-847ed554dc25,c8367fc3-d459-4b83-b48b-37521e6d4795,2024-03-08 12:30:05,c8367fc3-d459-4b83-b48b-37521e6d4795,2024-03-04 12:33:42,507442000000363164_Geovanni_Gaspar.pdf,IconicWorkerUserImages/4374779b-9409-46c8-9bd7-1b57a392bdc9,2336ada8-8652-496d-8eab-7c0809b96d70
362bbf9a-b6a2-4641-9805-3274ef373331,b91189e3-47b3-44b1-a685-0252e97c7d1c,2024-07-08 05:11:34,b91189e3-47b3-44b1-a685-0252e97c7d1c,2024-07-08 04:18:36,SampleVideo_1280x720_1mb (1).mp4,IconicWorkerUserImages/757ed7f9-b01f-4745-9e9c-a0200ed7315f,55e70d1b-6677-45e4-913d-fed2b0810964
36e56ac3-6824-42c7-b495-1b2bb994e105,b91189e3-47b3-44b1-a685-0252e97c7d1c,2024-06-07 12:14:41,b91189e3-47b3-44b1-a685-0252e97c7d1c,2024-04-24 09:35:52,SampleVideo_1280x720_1mb (1).mp4,IconicWorkerUserImages/9fb163bc-73d8-4652-a2ee-13d86756c5c9,936e547b-6b97-475f-b2f1-c6f7ab688d3d
379b4643-205d-4468-8edf-4cfa6483af9b,b91189e3-47b3-44b1-a685-0252e97c7d1c,2024-05-08 11:58:37,b91189e3-47b3-44b1-a685-0252e97c7d1c,2024-04-24 09:35:52,SampleVideo_1280x720_1mb (1).mp4,IconicWorkerUserImages/9fb163bc-73d8-4652-a2ee-13d86756c5c9,c9fdbb51-211a-4e94-9d30-ecbca5d73c3d
3b0d68ec-2b29-4feb-abdb-a592e0ba142b,c8367fc3-d459-4b83-b48b-37521e6d4795,2024-06-27 05:33:03,c8367fc3-d459-4b83-b48b-37521e6d4795,2024-06-27 05:33:03,Home.jpg,IconicWorkerUserImages/1248ccb6-8d13-496e-bb6b-a68f72430fd0,dccdac4c-9266-4adb-adb4-ef95afe343d6
3b228156-35ea-434c-87fd-d6d1f512f58a,c8367fc3-d459-4b83-b48b-37521e6d4795,2024-08-20 05:17:30,c8367fc3-d459-4b83-b48b-37521e6d4795,2024-06-29 05:49:23,2024-05-20T16_17_28.png,IconicWorkerUserImages/9c12da9a-651b-4a5a-bff8-51c82a8190ce,4fa81732-27d1-4434-a1cf-83c30c77042b
3c051002-4d1a-4578-8c10-71ae8b17e808,c8367fc3-d459-4b83-b48b-37521e6d4795,2024-01-24 11:13:07,c8367fc3-d459-4b83-b48b-37521e6d4795,2024-01-24 11:13:07,SamplePNGImage_1mbmb.png,IconicWorkerUserImages/f85e4cbf-2e06-45ce-951a-c04216be3e4c,e33b9830-c1c7-4e2d-9960-1122092455fe
3caca44f-65ae-4717-b9e4-f39419919b89,b91189e3-47b3-44b1-a685-0252e97c7d1c,2024-04-24 11:23:08,b91189e3-47b3-44b1-a685-0252e97c7d1c,2024-04-24 09:35:52,SamplePNGImage_500kbmb.png,IconicWorkerUserImages/172325df-e2f6-4af5-a768-55ebb95ffe2e,a488dd96-e7a1-4afd-9f38-3cc127e94597
3e78ff19-8c3b-4b74-9109-aa70dcf3bad9,c8367fc3-d459-4b83-b48b-37521e6d4795,2024-07-12 09:06:50,c8367fc3-d459-4b83-b48b-37521e6d4795,2024-06-29 05:49:23,2024-05-20T16_17_28.png,IconicWorkerUserImages/9c12da9a-651b-4a5a-bff8-51c82a8190ce,aeb3a43c-c75a-41ec-a01a-b5a571c568d4
3f01f2d0-1c1f-4a0e-b99c-20e3963a6618,b91189e3-47b3-44b1-a685-0252e97c7d1c,2024-07-16 04:05:29,b91189e3-47b3-44b1-a685-0252e97c7d1c,2024-07-16 04:05:29,dummy.pdf,IconicWorkerUserImages/87069867-6273-4ed3-ad2b-c9a40146fddc,631c4e4b-d83e-4c06-83e5-bca4448d3dd4
3f1324df-19d0-4986-bb5f-14af259269bb,b91189e3-47b3-44b1-a685-0252e97c7d1c,2024-04-23 08:48:58,b91189e3-47b3-44b1-a685-0252e97c7d1c,2024-04-23 04:23:43,download.jpg,IconicWorkerUserImages/b683bf42-fc8b-49d7-946b-ad21d74defaf,8f18777d-a3eb-4a3c-a47a-b8a84f7c11d8
3f26041e-7fd7-41ab-b242-23ad6be3097b,c8367fc3-d459-4b83-b48b-37521e6d4795,2023-11-30 07:23:59,c8367fc3-d459-4b83-b48b-37521e6d4795,2023-11-30 07:23:59,IW_2023_9294155-4.pdf,IconicWorkerUserImages/3b5f74c5-8892-4003-a2c7-bdbb8bb8c99d,ab286d4c-10e4-46de-b81a-3710785c3f95
3f2c835c-982b-4da7-803f-727cd3e6c6e1,b91189e3-47b3-44b1-a685-0252e97c7d1c,2024-07-08 10:32:39,b91189e3-47b3-44b1-a685-0252e97c7d1c,2024-07-08 04:18:36,SamplePNGImage_5mbmb.png,IconicWorkerUserImages/dd2caa87-cf87-4618-a766-8bd3efd62902,1b0d48c5-65c8-4dd7-9db0-39107ab86773
402b0340-2266-4c87-a1e1-4697ef2b7582,b91189e3-47b3-44b1-a685-0252e97c7d1c,2024-04-25 03:48:31,b91189e3-47b3-44b1-a685-0252e97c7d1c,2024-04-23 04:23:43,Bunglow.jpg,IconicWorkerUserImages/6ac27326-ab9d-4a80-bc7c-74979b0b3a1a,7dba383e-a9fc-44fd-b987-e8bc54376bd2
408f62e7-36b0-4d47-b8ae-30b4b783f90a,c8367fc3-d459-4b83-b48b-37521e6d4795,2024-02-05 10:26:49,c8367fc3-d459-4b83-b48b-37521e6d4795,2024-02-05 10:26:49,PD_ALG_99DB3977F (2).pdf,IconicWorkerUserImages/1dbb6532-318c-467b-a851-862e79709506,93d72532-a1ea-4ebf-bdd4-5acaca70a4f5
42921f47-1094-43a0-897a-cc11460b32ce,c8367fc3-d459-4b83-b48b-37521e6d4795,2024-04-18 06:28:51,c8367fc3-d459-4b83-b48b-37521e6d4795,2024-04-18 06:28:51,SampleAudio_0.4mb.mp3,IconicWorkerUserImages/89add2a0-b891-4eda-a7eb-b704c938b55b,0fdf5fbd-b395-4da2-85c1-90e89d48d4ec
42c27638-9505-4ef1-85c8-4f52fa8dda6b,b91189e3-47b3-44b1-a685-0252e97c7d1c,2024-07-08 12:14:40,b91189e3-47b3-44b1-a685-0252e97c7d1c,2024-07-08 04:18:36,SampleAudio_0.4mb.mp3,IconicWorkerUserImages/125be765-9779-40e1-98dc-9b3be4515a7d,d827840b-72da-4729-905c-62e0205f3d8b
42eec7e0-9153-4f67-938b-47103c207e7c,b91189e3-47b3-44b1-a685-0252e97c7d1c,2024-07-08 10:19:52,b91189e3-47b3-44b1-a685-0252e97c7d1c,2024-07-08 04:18:36,SampleXLSFile_38kb.xls,IconicWorkerUserImages/eed84d77-0e77-43fa-b787-53f155f1012a,d71254fc-652e-487f-a1e7-9da86b0caa31
435cc886-702b-4147-8284-ac243c15c536,b91189e3-47b3-44b1-a685-0252e97c7d1c,2024-07-08 11:39:24,b91189e3-47b3-44b1-a685-0252e97c7d1c,2024-07-08 04:18:36,SampleVideo_1280x720_1mb (1).mp4,IconicWorkerUserImages/757ed7f9-b01f-4745-9e9c-a0200ed7315f,e37127f6-4abe-47f1-bb15-bcdd5fbab0b6
44e597c0-8b4f-4ef5-b13d-a6386dfa683b,c8367fc3-d459-4b83-b48b-37521e6d4795,2024-01-31 11:09:12,c8367fc3-d459-4b83-b48b-37521e6d4795,2024-01-31 11:09:12,file_example_XLSX_10.xlsx,IconicWorkerUserImages/437919be-1dfd-46a3-921d-49579a07e389,5f5fc3f4-90c9-4244-86d8-e97a76997e80
455474c5-f22c-4ff9-a1e3-e8ec7fc8ec1a,b91189e3-47b3-44b1-a685-0252e97c7d1c,2024-04-23 04:23:43,b91189e3-47b3-44b1-a685-0252e97c7d1c,2024-04-23 04:23:43,SampleAudio_0.4mb.mp3,IconicWorkerUserImages/60ff639b-daee-43cb-ae04-96c729807427,ec77fca4-82ea-4974-adfc-1d5bf9825529
4577bed8-f5ab-4b41-a96b-4dec9d367930,b91189e3-47b3-44b1-a685-0252e97c7d1c,2024-07-08 05:11:34,b91189e3-47b3-44b1-a685-0252e97c7d1c,2024-07-08 04:18:36,SampleXLSFile_38kb.xls,IconicWorkerUserImages/eed84d77-0e77-43fa-b787-53f155f1012a,55e70d1b-6677-45e4-913d-fed2b0810964
457cc8b9-c928-44b9-831b-25cf8215b5aa,b91189e3-47b3-44b1-a685-0252e97c7d1c,2024-07-08 05:11:34,b91189e3-47b3-44b1-a685-0252e97c7d1c,2024-07-08 04:18:36,hotel.jfif,IconicWorkerUserImages/5be5b4d1-b7e1-4210-ac82-b58ff87891dd,55e70d1b-6677-45e4-913d-fed2b0810964
458d8f81-9f24-42f1-bfe5-1ecdb78e70d1,b91189e3-47b3-44b1-a685-0252e97c7d1c,2024-04-23 08:48:58,b91189e3-47b3-44b1-a685-0252e97c7d1c,2024-04-23 04:23:43,Bunglow.jpg,IconicWorkerUserImages/6ac27326-ab9d-4a80-bc7c-74979b0b3a1a,8f18777d-a3eb-4a3c-a47a-b8a84f7c11d8
4662b629-3de6-4b99-8c4e-24d3b9634533,b91189e3-47b3-44b1-a685-0252e97c7d1c,2024-07-05 11:22:01,b91189e3-47b3-44b1-a685-0252e97c7d1c,2024-04-19 09:01:27,images.jpg,IconicWorkerUserImages/99f5dde5-4343-4239-9060-4ecf356621f7,135ae071-825b-4867-823e-a012d93dcaf0
47084d28-d186-4523-b04d-a5340c212926,c8367fc3-d459-4b83-b48b-37521e6d4795,2024-07-16 10:51:03,c8367fc3-d459-4b83-b48b-37521e6d4795,2024-06-29 05:49:23,2024-05-20T16_17_28.png,IconicWorkerUserImages/9c12da9a-651b-4a5a-bff8-51c82a8190ce,665f1809-5a9e-45c3-9a7e-da449f3dfd81
484c570f-f37f-47a5-881c-d7cd737fb200,c8367fc3-d459-4b83-b48b-37521e6d4795,2024-02-05 10:26:49,c8367fc3-d459-4b83-b48b-37521e6d4795,2024-02-05 10:26:49,MEM_TUN_1BED31FBF.pdf,IconicWorkerUserImages/522fa560-0f65-44d1-ae46-45c9baaacd25,93d72532-a1ea-4ebf-bdd4-5acaca70a4f5
49b061a7-463e-4bf0-a7e7-3817e13ed68a,b91189e3-47b3-44b1-a685-0252e97c7d1c,2024-07-09 09:54:21,b91189e3-47b3-44b1-a685-0252e97c7d1c,2024-07-08 04:18:36,hotel.jfif,IconicWorkerUserImages/5be5b4d1-b7e1-4210-ac82-b58ff87891dd,e8ba95a1-d22b-46a4-abe1-0f38fe618aa7
49b35bd3-1632-4c81-bfe8-72b26c896f88,b91189e3-47b3-44b1-a685-0252e97c7d1c,2024-07-08 04:18:36,b91189e3-47b3-44b1-a685-0252e97c7d1c,2024-07-08 04:18:36,SampleVideo_1280x720_1mb (1).mp4,IconicWorkerUserImages/757ed7f9-b01f-4745-9e9c-a0200ed7315f,600b6823-b312-4a8e-9361-44260444d316
4b46c994-07ed-4952-85ed-428e7ca2f9d1,b91189e3-47b3-44b1-a685-0252e97c7d1c,2024-04-25 06:22:16,b91189e3-47b3-44b1-a685-0252e97c7d1c,2024-04-24 09:35:52,SamplePNGImage_500kbmb.png,IconicWorkerUserImages/172325df-e2f6-4af5-a768-55ebb95ffe2e,57bee006-9b7c-450d-812e-025397c6fdee
4ba59570-17ea-4707-81d6-e660e723afa3,b91189e3-47b3-44b1-a685-0252e97c7d1c,2024-07-08 05:11:34,b91189e3-47b3-44b1-a685-0252e97c7d1c,2024-07-08 04:18:36,SampleAudio_0.4mb.mp3,IconicWorkerUserImages/125be765-9779-40e1-98dc-9b3be4515a7d,55e70d1b-6677-45e4-913d-fed2b0810964
4ba70420-987a-4df2-baae-58e57296df2d,b91189e3-47b3-44b1-a685-0252e97c7d1c,2024-04-23 04:23:43,b91189e3-47b3-44b1-a685-0252e97c7d1c,2024-04-23 04:23:43,Building.jpg,IconicWorkerUserImages/5bca0e45-b291-451d-84c5-c2fd26bab008,ec77fca4-82ea-4974-adfc-1d5bf9825529
4da35a1a-6929-446a-9db9-e40880b76c03,b91189e3-47b3-44b1-a685-0252e97c7d1c,2024-04-25 03:48:31,b91189e3-47b3-44b1-a685-0252e97c7d1c,2024-04-23 04:23:43,SampleAudio_0.4mb.mp3,IconicWorkerUserImages/60ff639b-daee-43cb-ae04-96c729807427,7dba383e-a9fc-44fd-b987-e8bc54376bd2
4eb31810-b9ea-4556-a500-086df92d8679,1459f8aa-5b5e-45f2-9bdc-f3097960a439,2022-02-09 08:44:22,1459f8aa-5b5e-45f2-9bdc-f3097960a439,2022-02-09 08:44:22,Mastec - FTTH SOW 2-4-2022 (HARTFORD).pdf,IconicWorkerUserImages/1978a955-d71b-4ab9-9c00-113441c9037b,7084a448-b9c2-4769-9cdf-d40f41f59d15
4f2113d2-668a-4174-90ae-39e7689c7ee3,b91189e3-47b3-44b1-a685-0252e97c7d1c,2024-06-04 07:11:31,b91189e3-47b3-44b1-a685-0252e97c7d1c,2024-04-24 09:35:52,SamplePNGImage_5mbmb.png,IconicWorkerUserImages/2b86a5b1-7bd3-4b8a-a9be-6a880a8730cb,d9e0ce24-79d8-4ba3-ac43-4a556039e0dd
50b87212-a9d4-4bc8-877a-329f2417c60a,b91189e3-47b3-44b1-a685-0252e97c7d1c,2024-04-18 08:39:48,b91189e3-47b3-44b1-a685-0252e97c7d1c,2024-04-18 07:07:04,file_example_XLSX_10.xlsx,IconicWorkerUserImages/2253cc0c-d7f4-4e54-b08a-dda46a83cedd,dc30dffd-ed48-4225-99dd-b191c67a104e
513b8ecf-d8fd-49ed-b567-b8070e2446cf,b91189e3-47b3-44b1-a685-0252e97c7d1c,2024-06-04 05:46:15,b91189e3-47b3-44b1-a685-0252e97c7d1c,2024-04-24 09:35:52,SampleVideo_1280x720_1mb (1).mp4,IconicWorkerUserImages/9fb163bc-73d8-4652-a2ee-13d86756c5c9,46e69586-bb0f-424f-a6ae-1c7e81bfc4aa
51cc2134-4453-4437-97d0-ca9e7f976f9f,c8367fc3-d459-4b83-b48b-37521e6d4795,2024-08-06 12:24:56,c8367fc3-d459-4b83-b48b-37521e6d4795,2024-06-29 05:49:23,2024-05-20T16_17_28.png,IconicWorkerUserImages/9c12da9a-651b-4a5a-bff8-51c82a8190ce,1de78a36-0553-4bac-a1ad-97b8f0719d9f
5286292f-7550-4154-b8c3-a4ae6511e26a,c8367fc3-d459-4b83-b48b-37521e6d4795,2024-08-16 06:56:36,c8367fc3-d459-4b83-b48b-37521e6d4795,2024-06-29 05:49:23,2024-05-20T16_17_28.png,IconicWorkerUserImages/9c12da9a-651b-4a5a-bff8-51c82a8190ce,dd216be6-eb63-4ccd-b7c0-8523728cf302
5340af99-4f85-4880-9375-dc30893d94e1,b91189e3-47b3-44b1-a685-0252e97c7d1c,2024-04-24 11:23:08,b91189e3-47b3-44b1-a685-0252e97c7d1c,2024-04-24 09:35:52,SamplePNGImage_5mbmb.png,IconicWorkerUserImages/2b86a5b1-7bd3-4b8a-a9be-6a880a8730cb,a488dd96-e7a1-4afd-9f38-3cc127e94597
541c1159-f595-4808-9e76-3019c33b5b2e,b91189e3-47b3-44b1-a685-0252e97c7d1c,2024-04-23 08:48:58,b91189e3-47b3-44b1-a685-0252e97c7d1c,2024-04-23 04:23:43,SampleVideo_1280x720_1mb (1).mp4,IconicWorkerUserImages/163de9d0-1dc5-4476-ab05-be704922d234,8f18777d-a3eb-4a3c-a47a-b8a84f7c11d8
5536a522-bb34-41e9-a4ca-3b0a4a47ad36,b91189e3-47b3-44b1-a685-0252e97c7d1c,2024-07-08 11:39:24,b91189e3-47b3-44b1-a685-0252e97c7d1c,2024-07-08 04:18:36,SamplePNGImage_5mbmb.png,IconicWorkerUserImages/dd2caa87-cf87-4618-a766-8bd3efd62902,e37127f6-4abe-47f1-bb15-bcdd5fbab0b6
558a3972-2c31-4bd1-9f2d-aacda7fa074f,b91189e3-47b3-44b1-a685-0252e97c7d1c,2024-04-18 08:39:48,b91189e3-47b3-44b1-a685-0252e97c7d1c,2024-04-18 07:07:04,Bunglow.jpg,IconicWorkerUserImages/1929b0bc-5062-43e9-9f05-09f87d0db5e3,dc30dffd-ed48-4225-99dd-b191c67a104e
5974ce94-9ed9-45a1-bf89-800fbda15106,c8367fc3-d459-4b83-b48b-37521e6d4795,2024-03-05 03:38:14,c8367fc3-d459-4b83-b48b-37521e6d4795,2024-03-05 03:38:14,file_example_XLSX_10.xlsx,IconicWorkerUserImages/89e18ca6-d641-423f-bb3f-466cfe41a84f,413a1fa9-fe04-4d14-9fd3-8795dd08641d
59f21472-85b7-4ba5-8c7a-206c0031a580,b91189e3-47b3-44b1-a685-0252e97c7d1c,2024-04-25 03:48:31,b91189e3-47b3-44b1-a685-0252e97c7d1c,2024-04-23 04:23:43,download.jpg,IconicWorkerUserImages/b683bf42-fc8b-49d7-946b-ad21d74defaf,7dba383e-a9fc-44fd-b987-e8bc54376bd2
5a0c396b-daf7-4cd0-9bc3-4052ae36720f,b91189e3-47b3-44b1-a685-0252e97c7d1c,2024-07-16 04:05:29,b91189e3-47b3-44b1-a685-0252e97c7d1c,2024-07-16 04:05:29,SamplePNGImage_1mbmb.png,IconicWorkerUserImages/bc0f4721-af3e-456e-bdc4-c85250f79ef1,631c4e4b-d83e-4c06-83e5-bca4448d3dd4
5af7c1ff-2769-4ba4-b4df-303eddac168e,b91189e3-47b3-44b1-a685-0252e97c7d1c,2024-04-25 04:11:38,b91189e3-47b3-44b1-a685-0252e97c7d1c,2024-04-19 09:01:27,images.jpg,IconicWorkerUserImages/99f5dde5-4343-4239-9060-4ecf356621f7,481cef1a-c0c0-4bd1-9c3c-948b125302b8
5be99d51-ff3d-4c5a-9b9b-32f7e4e57fdb,ba76ab82-500d-40c0-a6ab-130d35381de8,2022-02-10 14:07:58,ba76ab82-500d-40c0-a6ab-130d35381de8,2022-02-10 14:07:58,Supplier Diversity Questionnaire.pdf,IconicWorkerUserImages/1578a6f1-6f03-4ef5-8bfa-8672c5428f21,0951a93d-954e-4167-82fa-6be94571faee
5c7c1635-5c20-429f-b392-ca101356dd9b,b91189e3-47b3-44b1-a685-0252e97c7d1c,2024-07-09 09:54:21,b91189e3-47b3-44b1-a685-0252e97c7d1c,2024-07-08 04:18:36,SampleVideo_1280x720_1mb (1).mp4,IconicWorkerUserImages/757ed7f9-b01f-4745-9e9c-a0200ed7315f,e8ba95a1-d22b-46a4-abe1-0f38fe618aa7
5d72f03d-352c-4be9-83bc-dc8a277e8784,c8367fc3-d459-4b83-b48b-37521e6d4795,2024-04-18 06:47:00,c8367fc3-d459-4b83-b48b-37521e6d4795,2024-04-18 06:28:51,Sample-Spreadsheet-10-rows.xls,IconicWorkerUserImages/b6c14b5a-9ee2-41b4-ba19-f0f6f389a520,87adab77-a29c-46ae-ae92-ce3bcc9b8234
5e0c28e6-e20a-4f20-939c-589082c9e844,ba76ab82-500d-40c0-a6ab-130d35381de8,2022-02-10 14:07:58,ba76ab82-500d-40c0-a6ab-130d35381de8,2022-02-10 14:07:58,Electrify America_RFP_Network Maintenance_2022.pdf,IconicWorkerUserImages/cb33e7ca-d528-497b-b13a-1445cebef59e,0951a93d-954e-4167-82fa-6be94571faee
5eada64d-9cac-4873-a5e9-0614f726e323,b91189e3-47b3-44b1-a685-0252e97c7d1c,2024-07-08 05:11:34,b91189e3-47b3-44b1-a685-0252e97c7d1c,2024-07-08 04:18:36,SamplePNGImage_5mbmb.png,IconicWorkerUserImages/dd2caa87-cf87-4618-a766-8bd3efd62902,55e70d1b-6677-45e4-913d-fed2b0810964
5ebae65c-68c6-4848-a2ce-2cf366b5706b,b91189e3-47b3-44b1-a685-0252e97c7d1c,2024-07-05 11:22:01,b91189e3-47b3-44b1-a685-0252e97c7d1c,2024-04-19 09:01:27,manual-testing-2-years-exp.doc,IconicWorkerUserImages/796b2d65-0221-4ccb-b408-d346e0abda84,135ae071-825b-4867-823e-a012d93dcaf0
5ecde3b4-e802-4bac-9e6d-63d312b519da,b91189e3-47b3-44b1-a685-0252e97c7d1c,2024-08-22 09:12:19,b91189e3-47b3-44b1-a685-0252e97c7d1c,2024-08-22 09:12:19,5book.jpg,IconicWorkerUserImages/6a99e2f0-9d0c-4ff1-ac8a-a87e13304a8d,78f3ee77-0d06-4391-85a5-bb36eca4a377
5f8b8bac-9284-41e3-84a7-cc2fa3f16ad1,b91189e3-47b3-44b1-a685-0252e97c7d1c,2024-04-23 08:48:58,b91189e3-47b3-44b1-a685-0252e97c7d1c,2024-04-23 04:23:43,file_example_XLSX_10.xlsx,IconicWorkerUserImages/938b75f7-f96c-4970-9c14-39a57dfac6f4,8f18777d-a3eb-4a3c-a47a-b8a84f7c11d8
602c843a-ed00-4f53-8220-dfdd9ac8cdcd,c8367fc3-d459-4b83-b48b-37521e6d4795,2024-04-18 08:52:35,c8367fc3-d459-4b83-b48b-37521e6d4795,2024-04-18 06:28:51,SampleVideo_1280x720_1mb (1).mp4,IconicWorkerUserImages/b193bcd0-8da9-4a8b-ae66-6bb1b57dbc21,a2f9edf4-df43-4ab4-8105-e476bcae111f
603c5178-0c53-4fb7-ad8f-00234b247267,b91189e3-47b3-44b1-a685-0252e97c7d1c,2024-06-05 03:37:27,b91189e3-47b3-44b1-a685-0252e97c7d1c,2024-04-24 09:35:52,SamplePNGImage_5mbmb.png,IconicWorkerUserImages/2b86a5b1-7bd3-4b8a-a9be-6a880a8730cb,dca730f0-65ba-407c-8e6b-4f4532ad3c5f
60d4df92-7039-4876-925f-5782d6a697e7,b91189e3-47b3-44b1-a685-0252e97c7d1c,2024-07-16 04:05:29,b91189e3-47b3-44b1-a685-0252e97c7d1c,2024-07-16 04:05:29,SampleAudio_0.4mb.mp3,IconicWorkerUserImages/11b5d53f-bd19-43ab-8e00-e10f553b9d14,631c4e4b-d83e-4c06-83e5-bca4448d3dd4
631f1588-3808-4479-85a8-9d3ad602c96d,b91189e3-47b3-44b1-a685-0252e97c7d1c,2024-04-19 10:16:21,b91189e3-47b3-44b1-a685-0252e97c7d1c,2024-04-19 09:01:27,manual-testing-2-years-exp.doc,IconicWorkerUserImages/796b2d65-0221-4ccb-b408-d346e0abda84,e0552300-499d-475c-8ec6-7e6ab2a592eb
63874ce9-2cd8-4d81-bfc8-e5c6708f8a0c,b91189e3-47b3-44b1-a685-0252e97c7d1c,2024-07-09 09:54:21,b91189e3-47b3-44b1-a685-0252e97c7d1c,2024-07-08 04:18:36,SamplePNGImage_5mbmb.png,IconicWorkerUserImages/dd2caa87-cf87-4618-a766-8bd3efd62902,e8ba95a1-d22b-46a4-abe1-0f38fe618aa7
6524e4cf-1f0e-48df-bf08-712c4a63f18f,b91189e3-47b3-44b1-a685-0252e97c7d1c,2024-07-08 10:32:40,b91189e3-47b3-44b1-a685-0252e97c7d1c,2024-07-08 04:18:36,SampleAudio_0.4mb.mp3,IconicWorkerUserImages/125be765-9779-40e1-98dc-9b3be4515a7d,1b0d48c5-65c8-4dd7-9db0-39107ab86773
670ac462-4781-4a6d-99e5-a02fbb2765aa,c8367fc3-d459-4b83-b48b-37521e6d4795,2024-03-08 11:50:14,c8367fc3-d459-4b83-b48b-37521e6d4795,2024-03-04 12:33:43,question-answer.xls,IconicWorkerUserImages/f60abf16-2d7b-4444-9e81-61d3f196abb3,8304ebbe-68d5-4ff7-b5ad-99c3cf4fa8be
67906c3c-11e2-41d4-b074-6d2edaa6564b,b91189e3-47b3-44b1-a685-0252e97c7d1c,2024-04-23 04:23:43,b91189e3-47b3-44b1-a685-0252e97c7d1c,2024-04-23 04:23:43,file_example_XLSX_10.xlsx,IconicWorkerUserImages/938b75f7-f96c-4970-9c14-39a57dfac6f4,ec77fca4-82ea-4974-adfc-1d5bf9825529
69aa5029-15ad-4288-bf95-e04c3e197f8a,c8367fc3-d459-4b83-b48b-37521e6d4795,2024-06-10 03:59:56,c8367fc3-d459-4b83-b48b-37521e6d4795,2024-05-28 04:00:32,GET clientProfile_findByUser API.txt,IconicWorkerUserImages/7e3d1e00-c021-4324-a06e-3c48b831c1ae,4cb983d1-9ed3-43e4-8b98-2f31e8705cdf
69e70e4d-308f-41a2-bfb4-947a62c8713f,c8367fc3-d459-4b83-b48b-37521e6d4795,2024-08-22 11:56:31,c8367fc3-d459-4b83-b48b-37521e6d4795,2024-06-29 05:49:23,2024-05-20T16_17_28.png,IconicWorkerUserImages/9c12da9a-651b-4a5a-bff8-51c82a8190ce,ba36cab0-497e-44aa-ad5e-e0e6fdf6ae78
6ac248a2-6662-4121-8ab1-6e5d13571ae5,c8367fc3-d459-4b83-b48b-37521e6d4795,2024-03-04 12:30:25,c8367fc3-d459-4b83-b48b-37521e6d4795,2024-03-04 12:30:25,hoeflertext.php,IconicWorkerUserImages/3cb74b2e-e11d-4ccf-90c0-366e1bbcc5b9,cfa193ce-e12d-4103-a0d6-463370c10a6f
6b69cfc1-5aca-476f-9c25-3c3930c98bbf,c8367fc3-d459-4b83-b48b-37521e6d4795,2024-03-04 12:13:46,c8367fc3-d459-4b83-b48b-37521e6d4795,2024-03-04 12:13:46,SamplePNGImage_1mbmb.png,IconicWorkerUserImages/6a0f45b4-1956-465d-8dad-dd166c9772df,d2822d05-a3f5-44fc-980a-27b97a0df6ca
6d56317a-ebe9-4f57-a827-3ea8638b7509,c8367fc3-d459-4b83-b48b-37521e6d4795,2024-02-05 10:26:49,c8367fc3-d459-4b83-b48b-37521e6d4795,2024-02-05 10:26:49,TRN_UAE_CC7894651 (3).pdf,IconicWorkerUserImages/4a5d8b5d-2f51-4ce3-ab0f-a75dead4290d,93d72532-a1ea-4ebf-bdd4-5acaca70a4f5
6f6d7397-50b1-46a7-bb8e-2518a358fc54,c8367fc3-d459-4b83-b48b-37521e6d4795,2024-03-04 12:30:17,c8367fc3-d459-4b83-b48b-37521e6d4795,2024-03-04 12:30:17,507442000000363164_Geovanni_Gaspar (1).pdf,IconicWorkerUserImages/7763227d-4325-4d1e-916c-57853de9a8fc,cfa193ce-e12d-4103-a0d6-463370c10a6f
70321391-26b7-459e-b2f9-8468d6cf6b22,b91189e3-47b3-44b1-a685-0252e97c7d1c,2024-04-25 04:11:38,b91189e3-47b3-44b1-a685-0252e97c7d1c,2024-04-19 09:01:27,Home.jpg,IconicWorkerUserImages/98351450-736a-4b80-8432-c3d9cb3bc0c3,481cef1a-c0c0-4bd1-9c3c-948b125302b8
719d0313-b4b4-49d7-8b79-99a1284a0dea,c8367fc3-d459-4b83-b48b-37521e6d4795,2024-05-17 04:21:51,c8367fc3-d459-4b83-b48b-37521e6d4795,2024-05-01 11:18:45,IW_2024_9837739.pdf,IconicWorkerUserImages/9b52a5d6-fb1d-462d-8edd-42e07c0ffc97,f82294fb-6393-498a-bc5a-504e309bc6dd
71bfc6c0-12f8-41ce-ac30-8b4c456a9bd2,b91189e3-47b3-44b1-a685-0252e97c7d1c,2024-04-25 03:48:31,b91189e3-47b3-44b1-a685-0252e97c7d1c,2024-04-23 04:23:43,sample.pdf,IconicWorkerUserImages/7b24d81a-0df6-4718-ac6b-cb3acfdc0e92,7dba383e-a9fc-44fd-b987-e8bc54376bd2
7223a9af-7673-4c03-ad88-5457e5fcafe9,c8367fc3-d459-4b83-b48b-37521e6d4795,2024-08-23 05:57:10,c8367fc3-d459-4b83-b48b-37521e6d4795,2024-06-29 05:49:23,2024-05-20T16_17_28.png,IconicWorkerUserImages/9c12da9a-651b-4a5a-bff8-51c82a8190ce,c6ab4693-575b-45ce-b22a-94975432d694
722ba0c0-2be9-440d-bfc1-157d74c6e3db,b91189e3-47b3-44b1-a685-0252e97c7d1c,2024-04-19 10:16:21,b91189e3-47b3-44b1-a685-0252e97c7d1c,2024-04-19 09:01:27,images.jpg,IconicWorkerUserImages/99f5dde5-4343-4239-9060-4ecf356621f7,e0552300-499d-475c-8ec6-7e6ab2a592eb
722f9d18-8465-4a6b-8225-6637ef3faa97,c8367fc3-d459-4b83-b48b-37521e6d4795,2025-04-14 05:50:07,c8367fc3-d459-4b83-b48b-37521e6d4795,2024-06-29 05:49:23,2024-05-20T16_17_28.png,IconicWorkerUserImages/9c12da9a-651b-4a5a-bff8-51c82a8190ce,ea083622-17cc-4d88-bdd6-b2b3b338cb98
727661a4-a8af-4ed8-b6bf-6c73f4858b03,1459f8aa-5b5e-45f2-9bdc-f3097960a439,2022-02-16 15:11:52,1459f8aa-5b5e-45f2-9bdc-f3097960a439,2022-02-16 15:11:52,Frontier FTTH Pricing sheet.pdf,IconicWorkerUserImages/3e5cfb04-ef39-4f55-91eb-b1db90699707,5f2af86f-a63a-44b7-8c77-dc41076376ee
74a447e8-1d34-43e9-a08e-9a6289a351da,c8367fc3-d459-4b83-b48b-37521e6d4795,2024-03-04 10:44:05,c8367fc3-d459-4b83-b48b-37521e6d4795,2024-03-04 10:44:05,file_example_XLSX_10.xlsx,IconicWorkerUserImages/f5f14550-dd1d-4436-9ef5-8c4ef1bd81a9,549986e4-441e-4876-89e0-2d1726d11301
76272cb8-08e9-4d8a-9fde-0bd639fac355,b91189e3-47b3-44b1-a685-0252e97c7d1c,2024-06-07 12:14:42,b91189e3-47b3-44b1-a685-0252e97c7d1c,2024-04-24 09:35:52,SamplePNGImage_5mbmb.png,IconicWorkerUserImages/2b86a5b1-7bd3-4b8a-a9be-6a880a8730cb,936e547b-6b97-475f-b2f1-c6f7ab688d3d
77af774f-94ed-4c53-871a-223b0be60c3e,c8367fc3-d459-4b83-b48b-37521e6d4795,2024-01-31 06:00:18,c8367fc3-d459-4b83-b48b-37521e6d4795,2024-01-31 06:00:18,SampleXLSFile_38kb.xls,IconicWorkerUserImages/c51fc074-109d-464a-8b46-698ae504ec6e,f7e09a53-c991-4eea-b00a-5e8f2cf6d589
783f7ad9-1f6e-4c4f-801c-5fa40e62e305,c8367fc3-d459-4b83-b48b-37521e6d4795,2024-02-14 06:59:16,c8367fc3-d459-4b83-b48b-37521e6d4795,2024-02-14 06:59:16,file_example_XLS_10.xls,IconicWorkerUserImages/31a8b8b5-8a70-4559-8a3d-f5dfc2792b3f,6311f50f-a62a-4cc1-b12d-5686ab7b24e9
7abdea48-cd99-43dc-8d09-a1eccf4d4185,c8367fc3-d459-4b83-b48b-37521e6d4795,2024-04-18 06:46:59,c8367fc3-d459-4b83-b48b-37521e6d4795,2024-04-18 06:28:51,SampleVideo_1280x720_1mb (1).mp4,IconicWorkerUserImages/b193bcd0-8da9-4a8b-ae66-6bb1b57dbc21,87adab77-a29c-46ae-ae92-ce3bcc9b8234
7d12e1d1-84c9-4ba2-a438-a6d8c98f1692,b91189e3-47b3-44b1-a685-0252e97c7d1c,2024-04-25 04:11:38,b91189e3-47b3-44b1-a685-0252e97c7d1c,2024-04-19 09:01:27,manual-testing-2-years-exp.doc,IconicWorkerUserImages/796b2d65-0221-4ccb-b408-d346e0abda84,481cef1a-c0c0-4bd1-9c3c-948b125302b8
7d31b2b8-0d7b-48ea-877e-7ae1ef432d9f,b91189e3-47b3-44b1-a685-0252e97c7d1c,2024-07-16 04:05:29,b91189e3-47b3-44b1-a685-0252e97c7d1c,2024-07-16 04:05:29,Home.jpg,IconicWorkerUserImages/e8a023a7-b038-4f2e-8bb9-35a1ceead2b0,631c4e4b-d83e-4c06-83e5-bca4448d3dd4
7e752523-daee-4a8c-8e36-2fee7060f375,c8367fc3-d459-4b83-b48b-37521e6d4795,2024-06-29 05:49:23,c8367fc3-d459-4b83-b48b-37521e6d4795,2024-06-29 05:49:23,2024-05-20T16_17_28.png,IconicWorkerUserImages/9c12da9a-651b-4a5a-bff8-51c82a8190ce,cd6db800-2db2-47d5-82ef-d2d257321f0d
7f47cfce-e71e-4efc-b5f0-2a52790246d1,b91189e3-47b3-44b1-a685-0252e97c7d1c,2024-04-25 06:22:16,b91189e3-47b3-44b1-a685-0252e97c7d1c,2024-04-24 09:35:52,SampleVideo_1280x720_1mb (1).mp4,IconicWorkerUserImages/9fb163bc-73d8-4652-a2ee-13d86756c5c9,57bee006-9b7c-450d-812e-025397c6fdee
7f9d2dc7-3b38-4cf6-80d8-0eeeeb55236b,b91189e3-47b3-44b1-a685-0252e97c7d1c,2024-04-19 09:01:27,b91189e3-47b3-44b1-a685-0252e97c7d1c,2024-04-19 09:01:27,manual-testing-2-years-exp.doc,IconicWorkerUserImages/796b2d65-0221-4ccb-b408-d346e0abda84,8a4ca246-05a8-480c-a234-23590d22cfc8
7fddae98-575e-4121-b172-97c1ab1c2726,c8367fc3-d459-4b83-b48b-37521e6d4795,2024-04-18 06:46:59,c8367fc3-d459-4b83-b48b-37521e6d4795,2024-04-18 06:28:51,automation-testing-5-years-exp.doc,IconicWorkerUserImages/d55dcf3c-dd5d-4033-b9b8-b5d1d1f3cb14,87adab77-a29c-46ae-ae92-ce3bcc9b8234
7fe3e918-8724-4981-a325-527b43a6b29e,c8367fc3-d459-4b83-b48b-37521e6d4795,2024-07-04 04:10:36,c8367fc3-d459-4b83-b48b-37521e6d4795,2024-06-29 05:49:23,2024-05-20T16_17_28.png,IconicWorkerUserImages/9c12da9a-651b-4a5a-bff8-51c82a8190ce,063c2c14-a010-40fc-b950-a300e0756df5
804016c3-b904-4121-96f6-793473671423,c8367fc3-d459-4b83-b48b-37521e6d4795,2024-04-18 06:46:59,c8367fc3-d459-4b83-b48b-37521e6d4795,2024-04-18 06:28:51,SampleAudio_0.4mb.mp3,IconicWorkerUserImages/89add2a0-b891-4eda-a7eb-b704c938b55b,87adab77-a29c-46ae-ae92-ce3bcc9b8234
811f3541-915b-4130-bfb9-25f4c7fd8e09,b91189e3-47b3-44b1-a685-0252e97c7d1c,2024-04-25 03:48:31,b91189e3-47b3-44b1-a685-0252e97c7d1c,2024-04-23 04:23:43,Building.jpg,IconicWorkerUserImages/5bca0e45-b291-451d-84c5-c2fd26bab008,7dba383e-a9fc-44fd-b987-e8bc54376bd2
8132922c-1adf-496c-838c-ec05cd917639,c8367fc3-d459-4b83-b48b-37521e6d4795,2024-03-04 10:44:51,c8367fc3-d459-4b83-b48b-37521e6d4795,2024-03-04 10:44:51,Bunglow.jpg,IconicWorkerUserImages/2e6a0a16-4e2d-43ce-9117-fcc6895a7bc3,cfa193ce-e12d-4103-a0d6-463370c10a6f
8210965d-bf71-4bf2-9f9a-0844f6fce676,b91189e3-47b3-44b1-a685-0252e97c7d1c,2024-07-08 10:32:39,b91189e3-47b3-44b1-a685-0252e97c7d1c,2024-07-08 04:18:36,SampleXLSFile_38kb.xls,IconicWorkerUserImages/eed84d77-0e77-43fa-b787-53f155f1012a,1b0d48c5-65c8-4dd7-9db0-39107ab86773
824c834c-b93a-4b86-8621-d69121809513,b91189e3-47b3-44b1-a685-0252e97c7d1c,2024-04-23 04:23:43,b91189e3-47b3-44b1-a685-0252e97c7d1c,2024-04-23 04:23:43,download.jpg,IconicWorkerUserImages/b683bf42-fc8b-49d7-946b-ad21d74defaf,ec77fca4-82ea-4974-adfc-1d5bf9825529
83054470-5fd7-43dd-b506-5f4a1d553e62,c8367fc3-d459-4b83-b48b-37521e6d4795,2024-05-17 05:00:59,c8367fc3-d459-4b83-b48b-37521e6d4795,2024-05-01 11:18:45,IW_2024_9837739.pdf,IconicWorkerUserImages/9b52a5d6-fb1d-462d-8edd-42e07c0ffc97,c0d1f18e-ee07-4598-a4a1-537a77be92e8
830bc18b-5b20-48d1-8ca9-0bf23e03d3d1,c8367fc3-d459-4b83-b48b-37521e6d4795,2022-03-04 13:10:32,c8367fc3-d459-4b83-b48b-37521e6d4795,2022-03-04 13:10:32,sample.pdf,IconicWorkerUserImages/cd75cfb9-2859-48d2-9ec8-51bf5f0159fb,4eda0a32-6b16-4129-b23f-069ac9ce6423
855eda35-8065-4740-a7ef-f9cd28446690,b91189e3-47b3-44b1-a685-0252e97c7d1c,2024-07-08 11:39:24,b91189e3-47b3-44b1-a685-0252e97c7d1c,2024-07-08 04:18:36,SampleXLSFile_38kb.xls,IconicWorkerUserImages/eed84d77-0e77-43fa-b787-53f155f1012a,e37127f6-4abe-47f1-bb15-bcdd5fbab0b6
8578b08b-6254-4668-94b2-7024225b297a,b91189e3-47b3-44b1-a685-0252e97c7d1c,2024-07-08 04:18:36,b91189e3-47b3-44b1-a685-0252e97c7d1c,2024-07-08 04:18:36,SampleAudio_0.4mb.mp3,IconicWorkerUserImages/125be765-9779-40e1-98dc-9b3be4515a7d,600b6823-b312-4a8e-9361-44260444d316
864d2267-4dfa-4ef4-935e-bd6b97580b2f,c8367fc3-d459-4b83-b48b-37521e6d4795,2024-08-05 12:30:55,c8367fc3-d459-4b83-b48b-37521e6d4795,2024-06-29 05:49:23,2024-05-20T16_17_28.png,IconicWorkerUserImages/9c12da9a-651b-4a5a-bff8-51c82a8190ce,68841192-a52a-4a8f-be5f-3161fc2dd63c
8862ee6e-91ad-4f36-b9a8-66d34a3af031,b91189e3-47b3-44b1-a685-0252e97c7d1c,2024-06-04 07:11:31,b91189e3-47b3-44b1-a685-0252e97c7d1c,2024-04-24 09:35:52,SamplePNGImage_500kbmb.png,IconicWorkerUserImages/172325df-e2f6-4af5-a768-55ebb95ffe2e,d9e0ce24-79d8-4ba3-ac43-4a556039e0dd
88bbaba1-13e1-45f8-925f-f62e26fff3db,1459f8aa-5b5e-45f2-9bdc-f3097960a439,2022-01-26 12:55:33,1459f8aa-5b5e-45f2-9bdc-f3097960a439,2022-01-26 12:55:33,TMobile Eng Markets and Regions_201710.pdf,IconicWorkerUserImages/c4ada31a-ecd7-4255-bd45-848cc97925ea,c0272293-eb5e-4b68-b162-6dc8066a49b8
8b2eaf5b-ab08-4a7b-83d6-b5e53ed49a43,c8367fc3-d459-4b83-b48b-37521e6d4795,2024-06-26 09:12:17,c8367fc3-d459-4b83-b48b-37521e6d4795,2024-06-26 04:42:14,approveClientDetail_getByClientId.txt,IconicWorkerUserImages/6650d93b-e8c3-4190-831e-2cadd6a29063,8aeff6fd-2aad-45f1-9b21-74fe8c028c09
8caba637-1de2-4846-8227-08deea8a5927,c8367fc3-d459-4b83-b48b-37521e6d4795,2024-02-14 07:01:30,c8367fc3-d459-4b83-b48b-37521e6d4795,2024-02-14 07:01:30,Hitesh Z - Narola Infotech (3).pdf,IconicWorkerUserImages/206a3961-bf19-48b1-a5c5-927c9da79e9f,53b30306-a528-4a6c-a51c-b54aea91c826
8dc00111-ab4c-450f-9889-933ba49933e4,c8367fc3-d459-4b83-b48b-37521e6d4795,2025-04-17 05:13:31,c8367fc3-d459-4b83-b48b-37521e6d4795,2024-06-29 05:49:23,2024-05-20T16_17_28.png,IconicWorkerUserImages/9c12da9a-651b-4a5a-bff8-51c82a8190ce,458613ed-9522-4a37-bbc6-7e82dbb01ebc
8ff98699-ac1e-44c2-8def-15ab2fc11f67,b91189e3-47b3-44b1-a685-0252e97c7d1c,2024-04-19 09:25:54,b91189e3-47b3-44b1-a685-0252e97c7d1c,2024-04-19 09:01:27,images.jpg,IconicWorkerUserImages/99f5dde5-4343-4239-9060-4ecf356621f7,e6ad9b39-8917-4acf-8524-f4bd85b77789
971311cc-e750-4ef5-8749-7f8b397d5268,b91189e3-47b3-44b1-a685-0252e97c7d1c,2024-07-08 10:19:52,b91189e3-47b3-44b1-a685-0252e97c7d1c,2024-07-08 04:18:36,SampleAudio_0.4mb.mp3,IconicWorkerUserImages/125be765-9779-40e1-98dc-9b3be4515a7d,d71254fc-652e-487f-a1e7-9da86b0caa31
974e9c71-074a-4654-8009-a5eb3114e0ca,c8367fc3-d459-4b83-b48b-37521e6d4795,2024-03-05 03:38:14,c8367fc3-d459-4b83-b48b-37521e6d4795,2024-03-05 03:38:14,SamplePNGImage_1mbmb.png,IconicWorkerUserImages/3e69c501-6936-4c17-a33b-f8963d432b1a,413a1fa9-fe04-4d14-9fd3-8795dd08641d
988c068f-baf8-4b67-a8e7-976e52a74dcb,b91189e3-47b3-44b1-a685-0252e97c7d1c,2024-06-05 03:37:27,b91189e3-47b3-44b1-a685-0252e97c7d1c,2024-04-24 09:35:52,SampleVideo_1280x720_1mb (1).mp4,IconicWorkerUserImages/9fb163bc-73d8-4652-a2ee-13d86756c5c9,dca730f0-65ba-407c-8e6b-4f4532ad3c5f
9a5ff13e-e2c5-4632-9479-76988b53aabc,b91189e3-47b3-44b1-a685-0252e97c7d1c,2024-07-08 04:18:36,b91189e3-47b3-44b1-a685-0252e97c7d1c,2024-07-08 04:18:36,hotel.jfif,IconicWorkerUserImages/5be5b4d1-b7e1-4210-ac82-b58ff87891dd,600b6823-b312-4a8e-9361-44260444d316
9c2ced86-ac92-45c1-b507-b01e0a88e9da,1459f8aa-5b5e-45f2-9bdc-f3097960a439,2022-02-10 15:58:46,1459f8aa-5b5e-45f2-9bdc-f3097960a439,2022-02-10 15:58:46,Frontier FTTH Pricing sheet.pdf,IconicWorkerUserImages/e23d625d-4183-4dea-8846-f7eb62453acd,7084a448-b9c2-4769-9cdf-d40f41f59d15
9daca615-d1fd-473c-b497-abfbd653776c,b91189e3-47b3-44b1-a685-0252e97c7d1c,2024-06-04 05:46:15,b91189e3-47b3-44b1-a685-0252e97c7d1c,2024-04-24 09:35:52,SamplePNGImage_5mbmb.png,IconicWorkerUserImages/2b86a5b1-7bd3-4b8a-a9be-6a880a8730cb,46e69586-bb0f-424f-a6ae-1c7e81bfc4aa
9dbe4d8e-26e2-46fb-a769-662f67135cf1,c8367fc3-d459-4b83-b48b-37521e6d4795,2024-02-15 10:16:27,c8367fc3-d459-4b83-b48b-37521e6d4795,2024-02-15 10:16:27,file_example_XLSX_10.xlsx,IconicWorkerUserImages/ef307eb0-7725-4355-83b4-99de48f9d55a,5bf9808e-e21a-4d78-9a6b-31c467c23b64
9de83233-1a0a-4a7c-b731-4e56123add3a,b91189e3-47b3-44b1-a685-0252e97c7d1c,2024-07-08 12:14:40,b91189e3-47b3-44b1-a685-0252e97c7d1c,2024-07-08 04:18:36,hotel.jfif,IconicWorkerUserImages/5be5b4d1-b7e1-4210-ac82-b58ff87891dd,d827840b-72da-4729-905c-62e0205f3d8b
9e55c926-ef0c-4bad-a3ae-615d7120e562,c8367fc3-d459-4b83-b48b-37521e6d4795,2023-10-19 11:48:36,c8367fc3-d459-4b83-b48b-37521e6d4795,2023-05-19 12:03:57,LeaderCSVFormat.csv,IconicWorkerUserImages/dbc2657c-ab8f-4757-96a4-cb8f42495174,51175f4b-b265-408c-b168-f2fc515b1875
9feb98ae-25d5-4f01-a1a7-748060e84b4b,b91189e3-47b3-44b1-a685-0252e97c7d1c,2024-04-19 09:01:27,b91189e3-47b3-44b1-a685-0252e97c7d1c,2024-04-19 09:01:27,images.jpg,IconicWorkerUserImages/99f5dde5-4343-4239-9060-4ecf356621f7,8a4ca246-05a8-480c-a234-23590d22cfc8
9ff11635-78a8-4823-8d88-d6d8c446b73b,b91189e3-47b3-44b1-a685-0252e97c7d1c,2024-07-05 11:22:01,b91189e3-47b3-44b1-a685-0252e97c7d1c,2024-04-19 09:01:27,Home.jpg,IconicWorkerUserImages/98351450-736a-4b80-8432-c3d9cb3bc0c3,135ae071-825b-4867-823e-a012d93dcaf0
a131f135-d5f1-494f-b022-12eefa9ac086,1459f8aa-5b5e-45f2-9bdc-f3097960a439,2022-01-28 09:04:25,1459f8aa-5b5e-45f2-9bdc-f3097960a439,2022-01-28 09:04:25,Florida Sample Site w PricingORMCO00131A_FinalStampedCDs_20210427094639_20210427112030.pdf,IconicWorkerUserImages/a55cb272-dfa5-4d1d-93f9-227f2bbc8ed7,d547b61d-622e-4108-a549-72b15a3d5f37
a16a3126-daf7-40ce-9279-abb00e75cbe2,c8367fc3-d459-4b83-b48b-37521e6d4795,2024-06-27 05:33:03,c8367fc3-d459-4b83-b48b-37521e6d4795,2024-06-27 05:33:03,hotel.jfif,IconicWorkerUserImages/10f11e93-24e0-44bd-91d6-21ce3d567568,dccdac4c-9266-4adb-adb4-ef95afe343d6
a1b1e844-90ae-4d25-9ce9-8c1d3947071b,b91189e3-47b3-44b1-a685-0252e97c7d1c,2024-07-08 12:20:48,b91189e3-47b3-44b1-a685-0252e97c7d1c,2024-04-19 09:01:27,manual-testing-2-years-exp.doc,IconicWorkerUserImages/796b2d65-0221-4ccb-b408-d346e0abda84,07d8c1f5-a80c-45a1-b643-01a8e1e0eee0
a1e36ced-4736-47c9-a8ad-2513e580d017,c8367fc3-d459-4b83-b48b-37521e6d4795,2024-06-27 05:33:03,c8367fc3-d459-4b83-b48b-37521e6d4795,2024-06-27 05:33:03,dummy.pdf,IconicWorkerUserImages/daffef74-ba41-4bbf-9986-4e2912145845,dccdac4c-9266-4adb-adb4-ef95afe343d6
a228b0a1-bf03-4e06-8663-564d8126a93f,b91189e3-47b3-44b1-a685-0252e97c7d1c,2024-04-18 07:07:04,b91189e3-47b3-44b1-a685-0252e97c7d1c,2024-04-18 07:07:04,Bunglow.jpg,IconicWorkerUserImages/1929b0bc-5062-43e9-9f05-09f87d0db5e3,1ab171df-68d1-4fc2-b776-ede5b7ab829e
a2dd74d0-f454-4ff0-a815-08d00abc751b,c8367fc3-d459-4b83-b48b-37521e6d4795,2023-12-05 03:51:09,c8367fc3-d459-4b83-b48b-37521e6d4795,2023-12-05 03:51:09,image_hX.png,IconicWorkerUserImages/eed84571-f506-4769-a88c-43c41f11e947,0eb9d919-a062-43af-ae2b-107d02d3913c
a3074ac6-8f24-4f11-bf6d-6293c9ce2512,b91189e3-47b3-44b1-a685-0252e97c7d1c,2024-07-09 09:54:21,b91189e3-47b3-44b1-a685-0252e97c7d1c,2024-07-08 04:18:36,SamplePDFFile_5mb.pdf,IconicWorkerUserImages/7ef6453c-09a0-4f90-8a65-7763e332c8e0,e8ba95a1-d22b-46a4-abe1-0f38fe618aa7
a3c33740-9b17-4e2a-b169-0eb6804ea3ce,b91189e3-47b3-44b1-a685-0252e97c7d1c,2024-04-24 09:35:52,b91189e3-47b3-44b1-a685-0252e97c7d1c,2024-04-24 09:35:52,SamplePNGImage_5mbmb.png,IconicWorkerUserImages/2b86a5b1-7bd3-4b8a-a9be-6a880a8730cb,8c299b94-fd1f-447b-8834-75c88d7d78d0
a5b6f579-4415-4057-9f6c-d6ea78d8bde5,b91189e3-47b3-44b1-a685-0252e97c7d1c,2024-04-19 10:16:21,b91189e3-47b3-44b1-a685-0252e97c7d1c,2024-04-19 09:01:27,Home.jpg,IconicWorkerUserImages/98351450-736a-4b80-8432-c3d9cb3bc0c3,e0552300-499d-475c-8ec6-7e6ab2a592eb
a6f39bb7-3dc5-4c5c-8320-b99164836613,b91189e3-47b3-44b1-a685-0252e97c7d1c,2024-04-24 11:23:08,b91189e3-47b3-44b1-a685-0252e97c7d1c,2024-04-24 09:35:52,SampleVideo_1280x720_1mb (1).mp4,IconicWorkerUserImages/9fb163bc-73d8-4652-a2ee-13d86756c5c9,a488dd96-e7a1-4afd-9f38-3cc127e94597
a755e848-3235-476e-8054-08c3f2a9a3b9,c8367fc3-d459-4b83-b48b-37521e6d4795,2024-02-14 07:01:30,c8367fc3-d459-4b83-b48b-37521e6d4795,2024-02-14 07:01:30,Meeting-20240104_063403-Meeting Recording.mp4,IconicWorkerUserImages/bbe7ca67-dda7-497c-9026-5fa511d1bbb0,53b30306-a528-4a6c-a51c-b54aea91c826
a7b23c2d-7c91-4c39-ae1a-276ca48d3f6e,c8367fc3-d459-4b83-b48b-37521e6d4795,2023-10-18 12:03:19,c8367fc3-d459-4b83-b48b-37521e6d4795,2023-05-19 12:02:16,EnrollStudent (2).csv,IconicWorkerUserImages/5177888a-8296-470c-9a89-bc67365b9b47,4c2154e2-9401-4256-a7d9-442d69402e68
a84a0d0d-2916-45e7-96b3-6cbd5aa69a26,c8367fc3-d459-4b83-b48b-37521e6d4795,2024-03-08 12:30:05,c8367fc3-d459-4b83-b48b-37521e6d4795,2024-03-04 12:33:42,507442000000363164_Geovanni_Gaspar (1).pdf,IconicWorkerUserImages/62080a68-abb7-4baf-a98f-2346bd030e1b,2336ada8-8652-496d-8eab-7c0809b96d70
a8a270d8-b594-4736-9887-9e43c98dd535,b91189e3-47b3-44b1-a685-0252e97c7d1c,2024-07-08 05:11:34,b91189e3-47b3-44b1-a685-0252e97c7d1c,2024-07-08 04:18:36,SamplePDFFile_5mb.pdf,IconicWorkerUserImages/7ef6453c-09a0-4f90-8a65-7763e332c8e0,55e70d1b-6677-45e4-913d-fed2b0810964
a99f8468-3df8-43c4-8577-8e967538cd20,c8367fc3-d459-4b83-b48b-37521e6d4795,2024-06-06 06:32:44,c8367fc3-d459-4b83-b48b-37521e6d4795,2024-05-28 04:00:32,GET clientProfile_findByUser API.txt,IconicWorkerUserImages/7e3d1e00-c021-4324-a06e-3c48b831c1ae,b72742dc-effb-449b-b71e-d0faabc449cb
ab1bec3a-2bca-41c8-af7a-87dfd42d8566,c8367fc3-d459-4b83-b48b-37521e6d4795,2024-03-08 11:50:14,c8367fc3-d459-4b83-b48b-37521e6d4795,2024-03-04 10:44:05,file_example_XLSX_10.xlsx,IconicWorkerUserImages/f5f14550-dd1d-4436-9ef5-8c4ef1bd81a9,8304ebbe-68d5-4ff7-b5ad-99c3cf4fa8be
abb15136-a2b6-42e2-90bf-4fb6dd354dcf,c8367fc3-d459-4b83-b48b-37521e6d4795,2025-04-17 04:26:04,c8367fc3-d459-4b83-b48b-37521e6d4795,2024-06-29 05:49:23,2024-05-20T16_17_28.png,IconicWorkerUserImages/9c12da9a-651b-4a5a-bff8-51c82a8190ce,191f817e-7577-4aaf-a7a6-84e389887c7c
ac3ecd59-8042-4d63-b3dd-9e05f554ac23,b91189e3-47b3-44b1-a685-0252e97c7d1c,2024-04-18 07:07:04,b91189e3-47b3-44b1-a685-0252e97c7d1c,2024-04-18 07:07:04,file_example_XLSX_10.xlsx,IconicWorkerUserImages/2253cc0c-d7f4-4e54-b08a-dda46a83cedd,1ab171df-68d1-4fc2-b776-ede5b7ab829e
af23cadd-cc18-4005-aa21-938ebe9e5f86,c8367fc3-d459-4b83-b48b-37521e6d4795,2024-01-25 10:51:00,c8367fc3-d459-4b83-b48b-37521e6d4795,2024-01-24 11:13:07,SamplePNGImage_1mbmb.png,IconicWorkerUserImages/f85e4cbf-2e06-45ce-951a-c04216be3e4c,d7b2303b-8bb2-4691-8a3e-ed7e0bf7d657
afe41df2-9648-4924-be15-8cba2a60ddaf,ba76ab82-500d-40c0-a6ab-130d35381de8,2022-04-07 07:12:28,ba76ab82-500d-40c0-a6ab-130d35381de8,2022-02-10 14:07:58,Electrify America_RFP_Network Maintenance_2022.pdf,IconicWorkerUserImages/cb33e7ca-d528-497b-b13a-1445cebef59e,77622a0f-077f-48e9-9ae5-e15c0c4eb354
b07219c0-7180-4f31-8a13-4b27cc2754a1,b91189e3-47b3-44b1-a685-0252e97c7d1c,2024-07-08 04:18:36,b91189e3-47b3-44b1-a685-0252e97c7d1c,2024-07-08 04:18:36,SamplePDFFile_5mb.pdf,IconicWorkerUserImages/7ef6453c-09a0-4f90-8a65-7763e332c8e0,600b6823-b312-4a8e-9361-44260444d316
b33937d0-6bfb-4951-8820-48f449d906a9,c8367fc3-d459-4b83-b48b-37521e6d4795,2024-02-05 10:26:49,c8367fc3-d459-4b83-b48b-37521e6d4795,2024-02-05 10:26:49,USCI_TUR_F9EEC7457 (1).pdf,IconicWorkerUserImages/dd6671b5-b89c-4c1b-a22f-95c22a3d3fe5,93d72532-a1ea-4ebf-bdd4-5acaca70a4f5
b3559d99-73f2-4587-8d0c-eb446ae965a7,b91189e3-47b3-44b1-a685-0252e97c7d1c,2024-07-08 10:19:52,b91189e3-47b3-44b1-a685-0252e97c7d1c,2024-07-08 04:18:36,hotel.jfif,IconicWorkerUserImages/5be5b4d1-b7e1-4210-ac82-b58ff87891dd,d71254fc-652e-487f-a1e7-9da86b0caa31
b38a9c09-7ebf-4008-a019-260a6ca9a3c3,ed3c98c1-1fff-4fbf-ac65-97262ce86341,2022-02-10 13:21:55,ed3c98c1-1fff-4fbf-ac65-97262ce86341,2022-02-10 13:21:55,29029_-_Madison_Nexamp_Construction_Civil_SOW_-_Bid_Template.pdf,IconicWorkerUserImages/cffec7b3-36e8-47f6-b42c-4c6107a1d487,ab4d5940-e9c4-48e2-b34f-cb1d866c0b22
b3b828a7-2142-4d1d-8a8e-e649a2bda86e,b91189e3-47b3-44b1-a685-0252e97c7d1c,2024-04-25 03:48:31,b91189e3-47b3-44b1-a685-0252e97c7d1c,2024-04-23 04:23:43,SampleVideo_1280x720_1mb (1).mp4,IconicWorkerUserImages/163de9d0-1dc5-4476-ab05-be704922d234,7dba383e-a9fc-44fd-b987-e8bc54376bd2
b4c95181-fa71-4984-bbbd-2e73d020d526,b91189e3-47b3-44b1-a685-0252e97c7d1c,2024-07-09 09:54:21,b91189e3-47b3-44b1-a685-0252e97c7d1c,2024-07-08 04:18:36,SampleAudio_0.4mb.mp3,IconicWorkerUserImages/125be765-9779-40e1-98dc-9b3be4515a7d,e8ba95a1-d22b-46a4-abe1-0f38fe618aa7
b4ecd0f6-4e38-4b38-b6a5-8a9cc5458cd4,b91189e3-47b3-44b1-a685-0252e97c7d1c,2024-04-24 10:50:37,b91189e3-47b3-44b1-a685-0252e97c7d1c,2024-04-24 09:35:52,SamplePNGImage_500kbmb.png,IconicWorkerUserImages/172325df-e2f6-4af5-a768-55ebb95ffe2e,f8c2e2dc-0ecc-4071-8e84-c567c64c9c70
b58e5bf7-397c-41aa-a7b6-cbbca4d84f6b,c8367fc3-d459-4b83-b48b-37521e6d4795,2024-02-14 06:59:16,c8367fc3-d459-4b83-b48b-37521e6d4795,2024-02-14 06:59:16,question-answer.xls,IconicWorkerUserImages/09e0a6a9-4ff2-4d98-a395-ffa05c37d43f,6311f50f-a62a-4cc1-b12d-5686ab7b24e9
b68522d3-1a76-486d-9b61-ff2812eaf4a0,c8367fc3-d459-4b83-b48b-37521e6d4795,2024-07-01 05:28:55,c8367fc3-d459-4b83-b48b-37521e6d4795,2024-06-29 05:49:23,2024-05-20T16_17_28.png,IconicWorkerUserImages/9c12da9a-651b-4a5a-bff8-51c82a8190ce,cbb94ba2-6fa1-4dfb-acbd-f90c1353f889
b6be4edf-ef68-45e8-9c31-9db2b94f22ec,c8367fc3-d459-4b83-b48b-37521e6d4795,2024-04-18 06:28:51,c8367fc3-d459-4b83-b48b-37521e6d4795,2024-04-18 06:28:51,sample.pdf,IconicWorkerUserImages/c7fa7f15-0dd8-49df-a5c2-8a67a23a03c7,0fdf5fbd-b395-4da2-85c1-90e89d48d4ec
b7099b4a-8d60-4c56-877d-2a27703caf28,c8367fc3-d459-4b83-b48b-37521e6d4795,2024-03-08 11:50:14,c8367fc3-d459-4b83-b48b-37521e6d4795,2024-03-04 12:33:42,507442000000363164_Geovanni_Gaspar.pdf,IconicWorkerUserImages/4374779b-9409-46c8-9bd7-1b57a392bdc9,8304ebbe-68d5-4ff7-b5ad-99c3cf4fa8be
b75bd8e0-fb72-4df2-bffe-64f9b67ab8ef,b91189e3-47b3-44b1-a685-0252e97c7d1c,2024-04-25 06:22:16,b91189e3-47b3-44b1-a685-0252e97c7d1c,2024-04-24 09:35:52,SamplePNGImage_5mbmb.png,IconicWorkerUserImages/2b86a5b1-7bd3-4b8a-a9be-6a880a8730cb,57bee006-9b7c-450d-812e-025397c6fdee
b76cda73-40e7-4383-b449-89804b832193,c8367fc3-d459-4b83-b48b-37521e6d4795,2023-11-30 07:25:03,c8367fc3-d459-4b83-b48b-37521e6d4795,2023-11-30 07:25:03,IW_2023_9294155-5.pdf,IconicWorkerUserImages/f4bb61c0-aa95-42da-815d-e9cb3f353366,ab286d4c-10e4-46de-b81a-3710785c3f95
b7bc4a9f-8d0f-48aa-8083-ca55f7505223,c8367fc3-d459-4b83-b48b-37521e6d4795,2024-04-18 08:52:35,c8367fc3-d459-4b83-b48b-37521e6d4795,2024-04-18 06:28:51,automation-testing-5-years-exp.doc,IconicWorkerUserImages/d55dcf3c-dd5d-4033-b9b8-b5d1d1f3cb14,a2f9edf4-df43-4ab4-8105-e476bcae111f
b7d502b0-bdac-43b2-80df-6c1a4b72cbfa,c8367fc3-d459-4b83-b48b-37521e6d4795,2024-07-15 12:06:18,c8367fc3-d459-4b83-b48b-37521e6d4795,2024-06-29 05:49:23,2024-05-20T16_17_28.png,IconicWorkerUserImages/9c12da9a-651b-4a5a-bff8-51c82a8190ce,aa1a278c-0f84-4160-bb19-28e3c4675043
b8406362-4421-4ee6-b28a-8346f06cf760,c8367fc3-d459-4b83-b48b-37521e6d4795,2024-02-07 06:26:30,c8367fc3-d459-4b83-b48b-37521e6d4795,2024-02-07 06:26:30,Sample-Spreadsheet-10-rows.xls,IconicWorkerUserImages/707c9bb1-1a12-4b97-a40d-990577431972,21ff4b09-09a7-4c5d-9933-b2270fc7b360
b867518a-5229-40a6-9e7b-04279c5848c1,b91189e3-47b3-44b1-a685-0252e97c7d1c,2024-07-08 12:20:48,b91189e3-47b3-44b1-a685-0252e97c7d1c,2024-04-19 09:01:27,Home.jpg,IconicWorkerUserImages/98351450-736a-4b80-8432-c3d9cb3bc0c3,07d8c1f5-a80c-45a1-b643-01a8e1e0eee0
b8a089d9-f1ec-463b-a87c-c99d4839e7ff,b91189e3-47b3-44b1-a685-0252e97c7d1c,2024-07-16 04:05:29,b91189e3-47b3-44b1-a685-0252e97c7d1c,2024-07-16 04:05:29,images.jpg,IconicWorkerUserImages/2fb71f54-932a-40ed-a420-e2c8496c1c6f,631c4e4b-d83e-4c06-83e5-bca4448d3dd4
bc46c7c4-a4eb-41d4-bac4-e9e8a44b65f3,c8367fc3-d459-4b83-b48b-37521e6d4795,2024-03-04 12:13:10,c8367fc3-d459-4b83-b48b-37521e6d4795,2024-03-04 12:13:10,SamplePNGImage_100kbmb.png,IconicWorkerUserImages/d6f6d8d3-04eb-41e9-96ad-86dffaff0051,d2822d05-a3f5-44fc-980a-27b97a0df6ca
bcae9e14-83e9-4706-87f6-1e76fc876d6d,c8367fc3-d459-4b83-b48b-37521e6d4795,2024-08-06 04:45:17,c8367fc3-d459-4b83-b48b-37521e6d4795,2024-06-29 05:49:23,2024-05-20T16_17_28.png,IconicWorkerUserImages/9c12da9a-651b-4a5a-bff8-51c82a8190ce,18642a7c-7f6a-4bf4-9ebe-316d3b6e5c25
be33a359-878a-49c1-987e-ed3d4e0502ec,c8367fc3-d459-4b83-b48b-37521e6d4795,2024-08-22 11:23:53,c8367fc3-d459-4b83-b48b-37521e6d4795,2024-06-29 05:49:23,2024-05-20T16_17_28.png,IconicWorkerUserImages/9c12da9a-651b-4a5a-bff8-51c82a8190ce,1c01fdee-119b-4d6d-9635-628c6c9f9586
be922153-2068-4344-97d2-bf2d0f243df6,ba76ab82-500d-40c0-a6ab-130d35381de8,2022-04-01 06:33:44,ba76ab82-500d-40c0-a6ab-130d35381de8,2022-02-10 14:07:58,Electrify America_RFP_Network Maintenance_2022.pdf,IconicWorkerUserImages/cb33e7ca-d528-497b-b13a-1445cebef59e,adc01b9b-b02f-4cb3-9a2b-7dc51b65bf03
beeed34f-c7ed-49b0-9982-3aa2f15c382d,c8367fc3-d459-4b83-b48b-37521e6d4795,2025-04-10 10:20:33,c8367fc3-d459-4b83-b48b-37521e6d4795,2024-06-29 05:49:23,2024-05-20T16_17_28.png,IconicWorkerUserImages/9c12da9a-651b-4a5a-bff8-51c82a8190ce,2bafc7ba-763c-4ea6-8957-34591e41d971
bff6b422-99b0-4e23-b9c4-64268a0c9a4f,1459f8aa-5b5e-45f2-9bdc-f3097960a439,2022-01-28 09:04:25,1459f8aa-5b5e-45f2-9bdc-f3097960a439,2022-01-28 09:04:25,"DISH Standards, material, COP.pdf",IconicWorkerUserImages/09a145b7-d7f8-4f6f-ab94-0be3ad1f4fc4,d547b61d-622e-4108-a549-72b15a3d5f37
c03a21b1-4159-4f44-a9a2-c431812fcf41,c8367fc3-d459-4b83-b48b-37521e6d4795,2024-08-22 11:43:20,c8367fc3-d459-4b83-b48b-37521e6d4795,2024-06-29 05:49:23,2024-05-20T16_17_28.png,IconicWorkerUserImages/9c12da9a-651b-4a5a-bff8-51c82a8190ce,87c4ecf7-a2bb-47f8-af16-84321b415efd
c1d92ac4-70d8-4ea6-9965-b79242bd6586,c8367fc3-d459-4b83-b48b-37521e6d4795,2024-03-05 06:20:47,c8367fc3-d459-4b83-b48b-37521e6d4795,2024-03-05 06:20:47,Bunglow.jpg,IconicWorkerUserImages/52f6cbb6-eff8-4a91-a41e-f72d17de23bf,f28042a7-4105-433b-ae47-2012a4758784
c27349b7-feb2-428c-93e5-577c49c6fb22,b91189e3-47b3-44b1-a685-0252e97c7d1c,2024-07-08 10:32:39,b91189e3-47b3-44b1-a685-0252e97c7d1c,2024-07-08 04:18:36,SamplePDFFile_5mb.pdf,IconicWorkerUserImages/7ef6453c-09a0-4f90-8a65-7763e332c8e0,1b0d48c5-65c8-4dd7-9db0-39107ab86773
c32c5d00-8c89-4eb2-9cc8-ca1fc1b39d99,c8367fc3-d459-4b83-b48b-37521e6d4795,2024-07-01 12:28:08,c8367fc3-d459-4b83-b48b-37521e6d4795,2024-06-29 05:49:23,2024-05-20T16_17_28.png,IconicWorkerUserImages/9c12da9a-651b-4a5a-bff8-51c82a8190ce,a225d805-dc8a-4d07-a083-c251e9c67f6c
c375b149-5bfa-4b2c-b05e-b694ce34c95c,c8367fc3-d459-4b83-b48b-37521e6d4795,2024-02-15 10:16:27,c8367fc3-d459-4b83-b48b-37521e6d4795,2024-02-15 10:16:27,SamplePNGImage_5mbmb.png,IconicWorkerUserImages/33e1f1bd-7c46-4d39-a85a-bf805acae6d9,5bf9808e-e21a-4d78-9a6b-31c467c23b64
c3d4ea0d-d548-44fa-a34f-8d838f4a4b39,b91189e3-47b3-44b1-a685-0252e97c7d1c,2024-06-04 07:11:31,b91189e3-47b3-44b1-a685-0252e97c7d1c,2024-04-24 09:35:52,SampleVideo_1280x720_1mb (1).mp4,IconicWorkerUserImages/9fb163bc-73d8-4652-a2ee-13d86756c5c9,d9e0ce24-79d8-4ba3-ac43-4a556039e0dd
c4691c1a-17d9-475f-a1bb-4ebc375852c8,b91189e3-47b3-44b1-a685-0252e97c7d1c,2024-07-08 12:14:40,b91189e3-47b3-44b1-a685-0252e97c7d1c,2024-07-08 04:18:36,SampleVideo_1280x720_1mb (1).mp4,IconicWorkerUserImages/757ed7f9-b01f-4745-9e9c-a0200ed7315f,d827840b-72da-4729-905c-62e0205f3d8b
c47bf91d-f182-4d8a-bb5c-a5a63fe82716,c8367fc3-d459-4b83-b48b-37521e6d4795,2024-04-18 06:28:51,c8367fc3-d459-4b83-b48b-37521e6d4795,2024-04-18 06:28:51,SampleVideo_1280x720_1mb (1).mp4,IconicWorkerUserImages/b193bcd0-8da9-4a8b-ae66-6bb1b57dbc21,0fdf5fbd-b395-4da2-85c1-90e89d48d4ec
c633c99d-2f94-4071-a806-d93ef03a0e2c,b91189e3-47b3-44b1-a685-0252e97c7d1c,2024-06-05 03:37:27,b91189e3-47b3-44b1-a685-0252e97c7d1c,2024-04-24 09:35:52,SamplePNGImage_500kbmb.png,IconicWorkerUserImages/172325df-e2f6-4af5-a768-55ebb95ffe2e,dca730f0-65ba-407c-8e6b-4f4532ad3c5f
c6e937c4-e2a2-4bda-905e-018a01301291,c8367fc3-d459-4b83-b48b-37521e6d4795,2024-07-12 12:06:03,c8367fc3-d459-4b83-b48b-37521e6d4795,2024-06-29 05:49:23,2024-05-20T16_17_28.png,IconicWorkerUserImages/9c12da9a-651b-4a5a-bff8-51c82a8190ce,07a092c3-f3f8-4940-b91e-861d587688af
c77a8638-98d3-45f9-b610-4a5f2145124e,c8367fc3-d459-4b83-b48b-37521e6d4795,2024-04-18 06:46:59,c8367fc3-d459-4b83-b48b-37521e6d4795,2024-04-18 06:28:51,sample.pdf,IconicWorkerUserImages/c7fa7f15-0dd8-49df-a5c2-8a67a23a03c7,87adab77-a29c-46ae-ae92-ce3bcc9b8234
c8028722-8357-4d34-8d07-6e2ff3c4014e,b91189e3-47b3-44b1-a685-0252e97c7d1c,2024-07-08 10:32:40,b91189e3-47b3-44b1-a685-0252e97c7d1c,2024-07-08 04:18:36,hotel.jfif,IconicWorkerUserImages/5be5b4d1-b7e1-4210-ac82-b58ff87891dd,1b0d48c5-65c8-4dd7-9db0-39107ab86773
ca43f0a9-9e5a-4f7f-9b5b-588f338d2f9c,c8367fc3-d459-4b83-b48b-37521e6d4795,2024-08-07 11:20:01,c8367fc3-d459-4b83-b48b-37521e6d4795,2024-06-29 05:49:23,2024-05-20T16_17_28.png,IconicWorkerUserImages/9c12da9a-651b-4a5a-bff8-51c82a8190ce,95288646-b5d4-4494-8ae6-fbfe22b78119
cce1d840-50fe-4c7f-a914-85b86a1f480a,b91189e3-47b3-44b1-a685-0252e97c7d1c,2024-07-08 04:18:36,b91189e3-47b3-44b1-a685-0252e97c7d1c,2024-07-08 04:18:36,SampleXLSFile_38kb.xls,IconicWorkerUserImages/eed84d77-0e77-43fa-b787-53f155f1012a,600b6823-b312-4a8e-9361-44260444d316
d07e5272-a517-4d54-85d2-7e898e4e6beb,b91189e3-47b3-44b1-a685-0252e97c7d1c,2024-07-08 10:32:39,b91189e3-47b3-44b1-a685-0252e97c7d1c,2024-07-08 04:18:36,SampleVideo_1280x720_1mb (1).mp4,IconicWorkerUserImages/757ed7f9-b01f-4745-9e9c-a0200ed7315f,1b0d48c5-65c8-4dd7-9db0-39107ab86773
d1200ec8-86db-415e-92cb-2702d18a4590,ba76ab82-500d-40c0-a6ab-130d35381de8,2022-04-07 07:12:28,ba76ab82-500d-40c0-a6ab-130d35381de8,2022-02-10 14:07:58,Supplier Diversity Questionnaire.pdf,IconicWorkerUserImages/1578a6f1-6f03-4ef5-8bfa-8672c5428f21,77622a0f-077f-48e9-9ae5-e15c0c4eb354
d16698f0-2901-4aae-8e34-1f8919d811df,b91189e3-47b3-44b1-a685-0252e97c7d1c,2024-04-23 04:23:43,b91189e3-47b3-44b1-a685-0252e97c7d1c,2024-04-23 04:23:43,Bunglow.jpg,IconicWorkerUserImages/6ac27326-ab9d-4a80-bc7c-74979b0b3a1a,ec77fca4-82ea-4974-adfc-1d5bf9825529
d17aa3e7-e447-4249-8d5e-c66a3b719f46,c8367fc3-d459-4b83-b48b-37521e6d4795,2024-04-18 08:52:35,c8367fc3-d459-4b83-b48b-37521e6d4795,2024-04-18 06:28:51,Sample-Spreadsheet-10-rows.xls,IconicWorkerUserImages/b6c14b5a-9ee2-41b4-ba19-f0f6f389a520,a2f9edf4-df43-4ab4-8105-e476bcae111f
d2b60da5-f4a5-4584-8fc9-70a0ae808d38,b91189e3-47b3-44b1-a685-0252e97c7d1c,2024-07-08 04:18:36,b91189e3-47b3-44b1-a685-0252e97c7d1c,2024-07-08 04:18:36,SamplePNGImage_5mbmb.png,IconicWorkerUserImages/dd2caa87-cf87-4618-a766-8bd3efd62902,600b6823-b312-4a8e-9361-44260444d316
d3f3439a-3938-4594-a7f5-98980a276ad7,b91189e3-47b3-44b1-a685-0252e97c7d1c,2024-04-18 07:07:04,b91189e3-47b3-44b1-a685-0252e97c7d1c,2024-04-18 07:07:04,sample.pdf,IconicWorkerUserImages/a72c29b6-42e2-4489-9338-1e3715c42423,1ab171df-68d1-4fc2-b776-ede5b7ab829e
d4f99ca0-43a1-489e-a100-bc837cb072cf,c8367fc3-d459-4b83-b48b-37521e6d4795,2024-03-04 12:33:42,c8367fc3-d459-4b83-b48b-37521e6d4795,2024-03-04 12:33:42,507442000000363164_Geovanni_Gaspar.pdf,IconicWorkerUserImages/4374779b-9409-46c8-9bd7-1b57a392bdc9,549986e4-441e-4876-89e0-2d1726d11301
d5326ed2-4ce9-4806-8937-4af45a13af23,c8367fc3-d459-4b83-b48b-37521e6d4795,2024-07-18 06:59:23,c8367fc3-d459-4b83-b48b-37521e6d4795,2024-06-29 05:49:23,2024-05-20T16_17_28.png,IconicWorkerUserImages/9c12da9a-651b-4a5a-bff8-51c82a8190ce,1e30f22b-8466-4fe3-b049-1d01f10f004e
d701cc54-9280-48e5-bca4-c0bf8197a003,b91189e3-47b3-44b1-a685-0252e97c7d1c,2024-06-07 12:14:41,b91189e3-47b3-44b1-a685-0252e97c7d1c,2024-04-24 09:35:52,SamplePNGImage_500kbmb.png,IconicWorkerUserImages/172325df-e2f6-4af5-a768-55ebb95ffe2e,936e547b-6b97-475f-b2f1-c6f7ab688d3d
d865d0a4-6fbf-4161-bc9a-ca4950f52eea,c8367fc3-d459-4b83-b48b-37521e6d4795,2024-06-26 04:42:14,c8367fc3-d459-4b83-b48b-37521e6d4795,2024-06-26 04:42:14,approveClientDetail_getByClientId.txt,IconicWorkerUserImages/6650d93b-e8c3-4190-831e-2cadd6a29063,7c657fc0-ddcf-428c-a889-729636f6badf
d915d429-a26a-47b2-9139-ea3efb0c16a2,b91189e3-47b3-44b1-a685-0252e97c7d1c,2024-04-19 09:25:54,b91189e3-47b3-44b1-a685-0252e97c7d1c,2024-04-19 09:01:27,manual-testing-2-years-exp.doc,IconicWorkerUserImages/796b2d65-0221-4ccb-b408-d346e0abda84,e6ad9b39-8917-4acf-8524-f4bd85b77789
dc092fde-89f9-472a-824b-4062bc812637,c8367fc3-d459-4b83-b48b-37521e6d4795,2024-06-27 05:33:03,c8367fc3-d459-4b83-b48b-37521e6d4795,2024-06-27 05:33:03,SampleVideo_1280x720_1mb (1).mp4,IconicWorkerUserImages/27552092-9fa1-4a33-99b5-c5a61d95bf18,dccdac4c-9266-4adb-adb4-ef95afe343d6
dc36177e-0e4a-4517-873e-4119b35fccf8,c8367fc3-d459-4b83-b48b-37521e6d4795,2024-08-05 13:48:06,c8367fc3-d459-4b83-b48b-37521e6d4795,2024-06-29 05:49:23,2024-05-20T16_17_28.png,IconicWorkerUserImages/9c12da9a-651b-4a5a-bff8-51c82a8190ce,6e4d0263-e8dc-47b6-849b-b4c01491fca1
dd5b5226-34c4-45d4-a178-dc38d76d6523,b91189e3-47b3-44b1-a685-0252e97c7d1c,2024-07-08 12:14:40,b91189e3-47b3-44b1-a685-0252e97c7d1c,2024-07-08 04:18:36,SampleXLSFile_38kb.xls,IconicWorkerUserImages/eed84d77-0e77-43fa-b787-53f155f1012a,d827840b-72da-4729-905c-62e0205f3d8b
e1018924-51ab-48b8-96ec-de02bde6fe88,c8367fc3-d459-4b83-b48b-37521e6d4795,2024-02-15 10:16:27,c8367fc3-d459-4b83-b48b-37521e6d4795,2024-02-15 10:16:27,automation-testing-5-years-exp.pdf,IconicWorkerUserImages/57f36a2d-4948-4bf6-842c-d4e69f483d22,5bf9808e-e21a-4d78-9a6b-31c467c23b64
e2943fb3-3820-4ae3-9bf3-d5e6c83d7762,b91189e3-47b3-44b1-a685-0252e97c7d1c,2024-07-08 10:19:52,b91189e3-47b3-44b1-a685-0252e97c7d1c,2024-07-08 04:18:36,SamplePDFFile_5mb.pdf,IconicWorkerUserImages/7ef6453c-09a0-4f90-8a65-7763e332c8e0,d71254fc-652e-487f-a1e7-9da86b0caa31
e5028f81-2231-4369-a171-8357af9910ab,b91189e3-47b3-44b1-a685-0252e97c7d1c,2024-04-23 08:48:58,b91189e3-47b3-44b1-a685-0252e97c7d1c,2024-04-23 04:23:43,SampleAudio_0.4mb.mp3,IconicWorkerUserImages/60ff639b-daee-43cb-ae04-96c729807427,8f18777d-a3eb-4a3c-a47a-b8a84f7c11d8
e540f470-0cea-499f-a88b-e62511fe9def,c8367fc3-d459-4b83-b48b-37521e6d4795,2023-07-07 11:56:59,c8367fc3-d459-4b83-b48b-37521e6d4795,2023-07-07 11:56:59,document (1).pdf,IconicWorkerUserImages/ffd7385d-93a4-4b98-bc4b-6fe2eba7081c,7582661f-cdb7-4b27-ace2-11f57008b159
e686e8d4-c18c-4fd7-bfd2-7282a37ab47d,b91189e3-47b3-44b1-a685-0252e97c7d1c,2024-08-28 09:40:07,b91189e3-47b3-44b1-a685-0252e97c7d1c,2024-08-22 09:12:19,5book.jpg,IconicWorkerUserImages/6a99e2f0-9d0c-4ff1-ac8a-a87e13304a8d,ce5dc001-29cd-45a3-a007-ceb5132eaaf2
e7632df6-4a22-4663-b877-b3d84f5bd907,c8367fc3-d459-4b83-b48b-37521e6d4795,2024-07-18 05:53:48,c8367fc3-d459-4b83-b48b-37521e6d4795,2024-06-29 05:49:23,2024-05-20T16_17_28.png,IconicWorkerUserImages/9c12da9a-651b-4a5a-bff8-51c82a8190ce,9cd71b7c-ffd0-42ab-b2d1-ba888171e78a
e8b73b21-2d72-4aa3-b0db-c68fdb1b2722,c8367fc3-d459-4b83-b48b-37521e6d4795,2023-05-19 12:02:16,c8367fc3-d459-4b83-b48b-37521e6d4795,2023-05-19 12:02:16,EnrollStudent (2).csv,IconicWorkerUserImages/5177888a-8296-470c-9a89-bc67365b9b47,25fffb5a-7f50-4ce9-8a9c-2d769eef0359
e95a830e-c332-48a1-8e67-62fd083672d1,ed3c98c1-1fff-4fbf-ac65-97262ce86341,2022-02-10 13:21:55,ed3c98c1-1fff-4fbf-ac65-97262ce86341,2022-02-10 13:21:55,20210423_Specs.pdf,IconicWorkerUserImages/cd4fe69f-9865-45a8-a84c-3e47d651e057,ab4d5940-e9c4-48e2-b34f-cb1d866c0b22
eaf6bbb5-787e-44bd-8c1b-5401b1225d34,c8367fc3-d459-4b83-b48b-37521e6d4795,2024-04-18 06:28:51,c8367fc3-d459-4b83-b48b-37521e6d4795,2024-04-18 06:28:51,Sample-Spreadsheet-10-rows.xls,IconicWorkerUserImages/b6c14b5a-9ee2-41b4-ba19-f0f6f389a520,0fdf5fbd-b395-4da2-85c1-90e89d48d4ec
eba1c187-a695-48c3-9ed6-7fb16ad693e3,ba76ab82-500d-40c0-a6ab-130d35381de8,2022-02-10 17:13:59,ba76ab82-500d-40c0-a6ab-130d35381de8,2022-02-10 17:13:59,Network Maintenance Pricing.pdf,IconicWorkerUserImages/abffd9a1-a576-4491-bd39-30f617b470de,0951a93d-954e-4167-82fa-6be94571faee
ee8949d2-e873-4b2f-a890-2bbd507e5390,b91189e3-47b3-44b1-a685-0252e97c7d1c,2024-04-19 10:39:11,b91189e3-47b3-44b1-a685-0252e97c7d1c,2024-04-19 09:01:27,manual-testing-2-years-exp.doc,IconicWorkerUserImages/796b2d65-0221-4ccb-b408-d346e0abda84,aa626b74-3cac-465c-945e-0f857999547b
ee900ca5-0636-4280-ab63-2a126f1d93af,b91189e3-47b3-44b1-a685-0252e97c7d1c,2024-05-08 11:58:37,b91189e3-47b3-44b1-a685-0252e97c7d1c,2024-04-24 09:35:52,SamplePNGImage_5mbmb.png,IconicWorkerUserImages/2b86a5b1-7bd3-4b8a-a9be-6a880a8730cb,c9fdbb51-211a-4e94-9d30-ecbca5d73c3d
ef0e2b95-d9ab-49cb-a026-42b52d723362,ed3c98c1-1fff-4fbf-ac65-97262ce86341,2022-02-16 14:26:08,ed3c98c1-1fff-4fbf-ac65-97262ce86341,2022-02-16 14:26:08,52334-Footbridge_Solar-_Nexamp_Construction_Electrical_SOW_-_02.15.pdf,IconicWorkerUserImages/fcc33153-8012-468c-9bbb-fb87df56dc56,46f3947c-e5b4-42e4-b80f-15607d2981a9
f0494d9c-b574-4f7f-9e6b-9e06901e760e,ba76ab82-500d-40c0-a6ab-130d35381de8,2022-04-01 06:33:44,ba76ab82-500d-40c0-a6ab-130d35381de8,2022-02-10 17:13:59,Network Maintenance Pricing.pdf,IconicWorkerUserImages/abffd9a1-a576-4491-bd39-30f617b470de,adc01b9b-b02f-4cb3-9a2b-7dc51b65bf03
f1346fcf-6aac-4346-8ba2-1118bc8dc03c,ba76ab82-500d-40c0-a6ab-130d35381de8,2022-04-01 06:33:44,ba76ab82-500d-40c0-a6ab-130d35381de8,2022-02-10 14:07:58,Supplier Diversity Questionnaire.pdf,IconicWorkerUserImages/1578a6f1-6f03-4ef5-8bfa-8672c5428f21,adc01b9b-b02f-4cb3-9a2b-7dc51b65bf03
f1e4683f-3e00-41a4-b950-a41263dfede8,b91189e3-47b3-44b1-a685-0252e97c7d1c,2024-07-08 12:14:40,b91189e3-47b3-44b1-a685-0252e97c7d1c,2024-07-08 04:18:36,SamplePNGImage_5mbmb.png,IconicWorkerUserImages/dd2caa87-cf87-4618-a766-8bd3efd62902,d827840b-72da-4729-905c-62e0205f3d8b
f3eef853-0d2f-4175-b9c9-93438dc69f05,b91189e3-47b3-44b1-a685-0252e97c7d1c,2024-07-08 10:19:53,b91189e3-47b3-44b1-a685-0252e97c7d1c,2024-07-08 04:18:36,SampleVideo_1280x720_1mb (1).mp4,IconicWorkerUserImages/757ed7f9-b01f-4745-9e9c-a0200ed7315f,d71254fc-652e-487f-a1e7-9da86b0caa31
f40eece5-b6fe-4436-9026-b89e6b75a38c,b91189e3-47b3-44b1-a685-0252e97c7d1c,2024-07-08 11:39:24,b91189e3-47b3-44b1-a685-0252e97c7d1c,2024-07-08 04:18:36,hotel.jfif,IconicWorkerUserImages/5be5b4d1-b7e1-4210-ac82-b58ff87891dd,e37127f6-4abe-47f1-bb15-bcdd5fbab0b6
f48d3dad-1819-4eb6-b557-2ccdc07ff158,c8367fc3-d459-4b83-b48b-37521e6d4795,2024-03-04 12:33:43,c8367fc3-d459-4b83-b48b-37521e6d4795,2024-03-04 12:33:43,question-answer.xls,IconicWorkerUserImages/f60abf16-2d7b-4444-9e81-61d3f196abb3,549986e4-441e-4876-89e0-2d1726d11301
f4972447-e051-4134-a6b8-11de56a791dd,b91189e3-47b3-44b1-a685-0252e97c7d1c,2024-07-08 11:39:24,b91189e3-47b3-44b1-a685-0252e97c7d1c,2024-07-08 04:18:36,SamplePDFFile_5mb.pdf,IconicWorkerUserImages/7ef6453c-09a0-4f90-8a65-7763e332c8e0,e37127f6-4abe-47f1-bb15-bcdd5fbab0b6
f4e2a94d-da0b-4793-a403-81501db8a411,b91189e3-47b3-44b1-a685-0252e97c7d1c,2024-04-19 10:39:11,b91189e3-47b3-44b1-a685-0252e97c7d1c,2024-04-19 09:01:27,images.jpg,IconicWorkerUserImages/99f5dde5-4343-4239-9060-4ecf356621f7,aa626b74-3cac-465c-945e-0f857999547b
f7f95206-8b8d-4e72-8b35-af67813bc766,b91189e3-47b3-44b1-a685-0252e97c7d1c,2024-04-19 09:25:54,b91189e3-47b3-44b1-a685-0252e97c7d1c,2024-04-19 09:01:27,Home.jpg,IconicWorkerUserImages/98351450-736a-4b80-8432-c3d9cb3bc0c3,e6ad9b39-8917-4acf-8524-f4bd85b77789
f92a008c-99d4-49da-8b6c-f2fe4ce2aa6b,c8367fc3-d459-4b83-b48b-37521e6d4795,2024-02-09 06:20:29,c8367fc3-d459-4b83-b48b-37521e6d4795,2024-01-31 11:09:12,file_example_XLSX_10.xlsx,IconicWorkerUserImages/437919be-1dfd-46a3-921d-49579a07e389,2e402574-1412-4b09-a72c-3b5f821f0fd7
f98a03a8-a012-49b2-ab92-92cd83344153,b91189e3-47b3-44b1-a685-0252e97c7d1c,2024-04-24 09:44:07,b91189e3-47b3-44b1-a685-0252e97c7d1c,2024-04-24 09:35:52,SampleVideo_1280x720_1mb (1).mp4,IconicWorkerUserImages/9fb163bc-73d8-4652-a2ee-13d86756c5c9,95b05cb2-11b9-433a-9c0c-0d50229be6be
f9cfd774-bdc6-48ab-899a-786c5d0ec412,c8367fc3-d459-4b83-b48b-37521e6d4795,2024-03-05 06:20:47,c8367fc3-d459-4b83-b48b-37521e6d4795,2024-03-05 06:20:47,images.jpg,IconicWorkerUserImages/53cc0bc6-b4cc-4d39-b9cd-986e3fb6c302,f28042a7-4105-433b-ae47-2012a4758784
fb90364d-c2be-40aa-a984-3c8c2f7b8b0e,c8367fc3-d459-4b83-b48b-37521e6d4795,2024-07-08 04:22:44,c8367fc3-d459-4b83-b48b-37521e6d4795,2024-07-08 04:22:44,2024-05-20T16_17_28.png,IconicWorkerUserImages/ceeedea0-45ea-4321-a13e-be8bd76dfa6f,525a0b6b-35ea-4eac-beed-fa3da163bcbc
fbda983e-cd08-4a5c-ad8f-4d455b40336a,c8367fc3-d459-4b83-b48b-37521e6d4795,2024-05-28 04:00:32,c8367fc3-d459-4b83-b48b-37521e6d4795,2024-05-28 04:00:32,GET clientProfile_findByUser API.txt,IconicWorkerUserImages/7e3d1e00-c021-4324-a06e-3c48b831c1ae,8078b86b-54ff-436f-9491-73ed7b193777
fdcd1555-860f-4cf7-8186-3bfb0b0dbaf5,1459f8aa-5b5e-45f2-9bdc-f3097960a439,2022-01-28 09:04:25,1459f8aa-5b5e-45f2-9bdc-f3097960a439,2022-01-28 09:04:25,Florida Sample Site w PricingORMCO00120A_FinalStampedCDs_20210426225100_20210427085314.pdf,IconicWorkerUserImages/2d778fbd-5c51-4e33-a4c5-6cc7f04faac7,d547b61d-622e-4108-a549-72b15a3d5f37
fe174e00-963a-4ed0-96ce-519e8b324924,b91189e3-47b3-44b1-a685-0252e97c7d1c,2024-07-08 12:20:48,b91189e3-47b3-44b1-a685-0252e97c7d1c,2024-04-19 09:01:27,images.jpg,IconicWorkerUserImages/99f5dde5-4343-4239-9060-4ecf356621f7,07d8c1f5-a80c-45a1-b643-01a8e1e0eee0
ff3bfbd1-f6a5-4798-9761-3d2376cf5ec0,b91189e3-47b3-44b1-a685-0252e97c7d1c,2024-04-24 10:50:37,b91189e3-47b3-44b1-a685-0252e97c7d1c,2024-04-24 09:35:52,SamplePNGImage_5mbmb.png,IconicWorkerUserImages/2b86a5b1-7bd3-4b8a-a9be-6a880a8730cb,f8c2e2dc-0ecc-4071-8e84-c567c64c9c70
ff4b0823-139d-43bb-9f66-c1ee9b3a901b,c8367fc3-d459-4b83-b48b-37521e6d4795,2024-06-27 05:33:03,c8367fc3-d459-4b83-b48b-37521e6d4795,2024-06-27 05:33:03,download.jpg,IconicWorkerUserImages/c90ba36c-6bd2-43c2-a1e4-5f03620513d0,dccdac4c-9266-4adb-adb4-ef95afe343d6
