id,created_by,created_date,updated_by,updated_date,service_id,user_id
00878c33-a709-469e-8667-55c04515b4e2,27195a8d-00b7-4cd6-9127-7573d16f0c27,2024-04-16 05:02:47,27195a8d-00b7-4cd6-9127-7573d16f0c27,2024-04-16 05:02:47,900ab793-1e13-4345-b175-57c949834b87,27195a8d-00b7-4cd6-9127-7573d16f0c27
009d3d26-147f-43bf-a87a-a86d2b2aa82c,e49c8f86-762a-4810-95cb-23a9e8b933dc,2023-06-29 10:35:38,e49c8f86-762a-4810-95cb-23a9e8b933dc,2023-06-29 10:35:38,900ab793-1e13-4345-b175-57c949834b87,e49c8f86-762a-4810-95cb-23a9e8b933dc
02a0fc30-a627-40ed-ac87-435cba4b8ada,cd6ccc38-3001-4ca2-8391-bc65336cb822,2024-04-16 05:50:48,cd6ccc38-3001-4ca2-8391-bc65336cb822,2024-04-16 05:50:48,900ab793-1e13-4345-b175-57c949834b87,cd6ccc38-3001-4ca2-8391-bc65336cb822
05d75d65-fadc-47e7-91c9-a06adfe97384,9147e8cc-c86c-4a25-8760-7bf01736714d,2023-06-19 13:33:58,9147e8cc-c86c-4a25-8760-7bf01736714d,2023-06-19 13:33:58,900ab793-1e13-4345-b175-57c949834b87,9147e8cc-c86c-4a25-8760-7bf01736714d
0bd5ed93-c30a-4f9b-a9b5-926b2f789285,b79de446-7e2c-4624-8cdb-d60f90d715be,2023-06-21 08:58:34,b79de446-7e2c-4624-8cdb-d60f90d715be,2023-06-21 08:58:34,900ab793-1e13-4345-b175-57c949834b87,b79de446-7e2c-4624-8cdb-d60f90d715be
0c548c45-c775-420a-b059-a229178a7a35,eb304ab1-070e-4270-ba67-5fb1fa5cbd20,2024-06-25 11:55:47,eb304ab1-070e-4270-ba67-5fb1fa5cbd20,2024-06-25 11:55:47,900ab793-1e13-4345-b175-57c949834b87,eb304ab1-070e-4270-ba67-5fb1fa5cbd20
0f5a70bd-8665-4061-95e7-ce26f48e2be8,76211607-56c2-4164-945e-598a719b7574,2025-04-15 06:41:25,76211607-56c2-4164-945e-598a719b7574,2025-04-15 06:41:25,900ab793-1e13-4345-b175-57c949834b87,76211607-56c2-4164-945e-598a719b7574
0fb708fe-c8f4-4ea1-ac2f-88d2db2a35c5,1825fbea-7e33-498e-8cda-2020a840633a,2023-08-25 04:17:59,1825fbea-7e33-498e-8cda-2020a840633a,2023-08-25 04:17:59,900ab793-1e13-4345-b175-57c949834b87,1825fbea-7e33-498e-8cda-2020a840633a
1137d659-4c0d-4163-b83b-e27fb95772d3,b9a833e5-f2fa-4b6d-851e-5943f5eef293,2023-06-20 09:04:57,b9a833e5-f2fa-4b6d-851e-5943f5eef293,2023-06-20 09:04:57,900ab793-1e13-4345-b175-57c949834b87,b9a833e5-f2fa-4b6d-851e-5943f5eef293
16b0eca6-42a2-4615-aa96-ebc2ba208020,c76f6363-d975-4aa6-b43d-6fb014ba0e26,2022-03-17 16:17:08,c76f6363-d975-4aa6-b43d-6fb014ba0e26,2022-03-17 16:17:08,900ab793-1e13-4345-b175-57c949834b87,c76f6363-d975-4aa6-b43d-6fb014ba0e26
17f415f8-2a11-425f-b0cc-efd12ccc31c3,6de24c94-6486-4a16-95d0-404ce86f6034,2024-04-11 09:22:16,6de24c94-6486-4a16-95d0-404ce86f6034,2024-04-11 09:22:16,900ab793-1e13-4345-b175-57c949834b87,6de24c94-6486-4a16-95d0-404ce86f6034
19afb70e-79a2-433d-9ff0-78336c541cb6,45d5f54d-1dd1-4fa1-86ac-08dbe6974091,2023-06-19 13:54:20,45d5f54d-1dd1-4fa1-86ac-08dbe6974091,2023-06-19 13:54:20,900ab793-1e13-4345-b175-57c949834b87,45d5f54d-1dd1-4fa1-86ac-08dbe6974091
1ba1fa7f-e050-4da9-9e89-27d5ecd84f13,9cab028f-1a46-4c3a-bcc6-9bc4bb67b8b0,2024-03-08 11:23:09,9cab028f-1a46-4c3a-bcc6-9bc4bb67b8b0,2024-03-08 11:23:09,900ab793-1e13-4345-b175-57c949834b87,9cab028f-1a46-4c3a-bcc6-9bc4bb67b8b0
1bc47c2c-4fe7-4d14-907c-63c498d75202,647a3680-2bbf-4dd2-8fd8-604be4a7a09d,2024-07-03 10:31:02,647a3680-2bbf-4dd2-8fd8-604be4a7a09d,2024-07-03 10:31:02,900ab793-1e13-4345-b175-57c949834b87,647a3680-2bbf-4dd2-8fd8-604be4a7a09d
1cf1e031-a295-46c5-a149-5a76b6df736a,826912e7-a317-4fb8-91ce-6835a9373be3,2024-08-23 08:46:58,826912e7-a317-4fb8-91ce-6835a9373be3,2024-08-23 08:46:58,900ab793-1e13-4345-b175-57c949834b87,826912e7-a317-4fb8-91ce-6835a9373be3
1e923ce2-be7c-49af-9d3f-521c9d52caef,e58ee8c6-da9c-45f4-81b1-330870062c73,2023-06-20 07:17:54,e58ee8c6-da9c-45f4-81b1-330870062c73,2023-06-20 07:17:54,900ab793-1e13-4345-b175-57c949834b87,e58ee8c6-da9c-45f4-81b1-330870062c73
2272bf1f-8622-4e65-8016-8cb0a8eadee7,033068b8-12cb-4b3b-8ab8-22a96b844e2a,2024-04-16 06:56:10,033068b8-12cb-4b3b-8ab8-22a96b844e2a,2024-04-16 06:56:10,900ab793-1e13-4345-b175-57c949834b87,033068b8-12cb-4b3b-8ab8-22a96b844e2a
2354019f-5267-45db-99e4-bd4cbb60e452,c586c513-8455-4f3d-a488-02e550c01aa0,2023-11-15 06:31:58,c586c513-8455-4f3d-a488-02e550c01aa0,2023-11-15 06:31:58,900ab793-1e13-4345-b175-57c949834b87,c586c513-8455-4f3d-a488-02e550c01aa0
2408ac22-aec9-4b01-8a43-6b7538518691,63cfbf4b-a3f2-4dc9-a4ed-5a789b1cd088,2024-04-16 05:07:37,63cfbf4b-a3f2-4dc9-a4ed-5a789b1cd088,2024-04-16 05:07:37,900ab793-1e13-4345-b175-57c949834b87,63cfbf4b-a3f2-4dc9-a4ed-5a789b1cd088
245b05ac-53cc-4f17-8156-557d87c3513d,9d9f1894-5892-4bc2-80f7-db193a3649ee,2023-06-29 12:19:53,9d9f1894-5892-4bc2-80f7-db193a3649ee,2023-06-29 12:19:53,900ab793-1e13-4345-b175-57c949834b87,9d9f1894-5892-4bc2-80f7-db193a3649ee
28aa5fe2-ded9-4934-a8d5-dfa2f66ac864,63c845f6-3177-4f72-a923-86f7726863fd,2023-06-20 07:19:49,63c845f6-3177-4f72-a923-86f7726863fd,2023-06-20 07:19:49,900ab793-1e13-4345-b175-57c949834b87,63c845f6-3177-4f72-a923-86f7726863fd
28d6c322-c496-4a41-9ff6-c42e52b2ae31,8a251f2b-92ec-4363-ac52-5e59c5755d05,2024-06-21 11:14:46,8a251f2b-92ec-4363-ac52-5e59c5755d05,2024-06-21 11:14:46,900ab793-1e13-4345-b175-57c949834b87,8a251f2b-92ec-4363-ac52-5e59c5755d05
2dbab757-3793-463c-9c4d-a8d76598a9d4,f60a410a-90b9-496e-a2bd-98a380918b68,2023-08-02 11:04:47,f60a410a-90b9-496e-a2bd-98a380918b68,2023-08-02 11:04:47,900ab793-1e13-4345-b175-57c949834b87,f60a410a-90b9-496e-a2bd-98a380918b68
2ed3ba0e-c08d-4fd0-b54a-23db3e050155,98b2ff62-35d3-4610-aeb2-5b90b0a723d5,2024-04-16 07:05:15,98b2ff62-35d3-4610-aeb2-5b90b0a723d5,2024-04-16 07:05:15,900ab793-1e13-4345-b175-57c949834b87,98b2ff62-35d3-4610-aeb2-5b90b0a723d5
34de37db-6d2c-4919-a5cb-a42dc05df51a,acb3af54-fb77-49aa-8853-b25eda12553c,2024-04-16 06:44:19,acb3af54-fb77-49aa-8853-b25eda12553c,2024-04-16 06:44:19,900ab793-1e13-4345-b175-57c949834b87,acb3af54-fb77-49aa-8853-b25eda12553c
3892c2d4-d4d3-45c5-a7bf-0e43220cb26f,fb3ca1e5-d8b7-4930-9868-1f5b12e4ec31,2023-03-11 12:57:32,fb3ca1e5-d8b7-4930-9868-1f5b12e4ec31,2023-03-11 12:57:32,900ab793-1e13-4345-b175-57c949834b87,fb3ca1e5-d8b7-4930-9868-1f5b12e4ec31
3a4ab269-e021-499a-8b74-ee3e993de12c,f4ed5244-6cbb-400e-93ab-c0ce8c1bfcca,2024-07-01 09:59:36,f4ed5244-6cbb-400e-93ab-c0ce8c1bfcca,2024-07-01 09:59:36,900ab793-1e13-4345-b175-57c949834b87,f4ed5244-6cbb-400e-93ab-c0ce8c1bfcca
3a4fa9e2-bf52-4bc1-8f22-a722550f7b0d,b32d1466-808f-48d1-aee2-f059ff8321d6,2023-06-20 13:52:09,b32d1466-808f-48d1-aee2-f059ff8321d6,2023-06-20 13:52:09,900ab793-1e13-4345-b175-57c949834b87,b32d1466-808f-48d1-aee2-f059ff8321d6
3c32207e-87a2-4967-b435-1f8e08978c86,d31b116b-af27-4135-8059-e3f2358ccac4,2023-06-21 09:56:38,d31b116b-af27-4135-8059-e3f2358ccac4,2023-06-21 09:56:38,900ab793-1e13-4345-b175-57c949834b87,d31b116b-af27-4135-8059-e3f2358ccac4
42b4da45-7b9b-4862-9b17-8ab2afc7b8c0,9dd3089f-33ce-4750-ab7c-e4ce091e36e7,2023-06-19 11:23:23,9dd3089f-33ce-4750-ab7c-e4ce091e36e7,2023-06-19 11:23:23,900ab793-1e13-4345-b175-57c949834b87,9dd3089f-33ce-4750-ab7c-e4ce091e36e7
43f7d01a-8adc-4010-8f46-9c2bf070d537,803ae529-b84c-47fc-ac7e-4e5ee0d7328f,2023-06-20 06:11:36,803ae529-b84c-47fc-ac7e-4e5ee0d7328f,2023-06-20 06:11:36,900ab793-1e13-4345-b175-57c949834b87,803ae529-b84c-47fc-ac7e-4e5ee0d7328f
446eb1fd-0b21-42e1-8a64-c8d58f70b529,0c3ed419-4386-4474-92fd-c552fc2b5584,2023-03-11 14:50:39,0c3ed419-4386-4474-92fd-c552fc2b5584,2023-03-11 14:50:39,900ab793-1e13-4345-b175-57c949834b87,0c3ed419-4386-4474-92fd-c552fc2b5584
46f85513-17c8-40e4-83ab-69ef63da5279,cfd3e46a-196f-4564-82d4-99fb2a0ddbae,2023-06-20 08:55:18,cfd3e46a-196f-4564-82d4-99fb2a0ddbae,2023-06-20 08:55:18,900ab793-1e13-4345-b175-57c949834b87,cfd3e46a-196f-4564-82d4-99fb2a0ddbae
478c1b70-b443-4238-924c-123d81a322f3,2222283a-7890-4d54-8402-0c59a5ff3963,2023-06-23 12:50:09,2222283a-7890-4d54-8402-0c59a5ff3963,2023-06-23 12:50:09,900ab793-1e13-4345-b175-57c949834b87,2222283a-7890-4d54-8402-0c59a5ff3963
4b098d59-9dc0-49fc-9848-0b76c9e4404a,eaf45715-2786-4cee-998b-d01218393513,2024-04-16 06:28:40,eaf45715-2786-4cee-998b-d01218393513,2024-04-16 06:28:40,900ab793-1e13-4345-b175-57c949834b87,eaf45715-2786-4cee-998b-d01218393513
4e5620e1-5c1c-4597-a81a-827d5f6fdffe,1d863f49-fb0a-4fea-8ef9-259104cfeb9d,2023-11-09 04:02:04,1d863f49-fb0a-4fea-8ef9-259104cfeb9d,2023-11-09 04:02:04,900ab793-1e13-4345-b175-57c949834b87,1d863f49-fb0a-4fea-8ef9-259104cfeb9d
50b23000-19b1-4f90-a3a0-9506eed82d6b,f94c9423-2671-4c2a-bcbe-c668e22ea84e,2023-05-18 10:17:34,f94c9423-2671-4c2a-bcbe-c668e22ea84e,2023-05-18 10:17:34,900ab793-1e13-4345-b175-57c949834b87,f94c9423-2671-4c2a-bcbe-c668e22ea84e
52dd64bd-8de9-4f10-bcce-9f40cae40836,c3dccdbe-114c-4d9c-9a23-d7dd350b6acc,2023-09-21 04:57:27,c3dccdbe-114c-4d9c-9a23-d7dd350b6acc,2023-09-21 04:57:27,900ab793-1e13-4345-b175-57c949834b87,c3dccdbe-114c-4d9c-9a23-d7dd350b6acc
59712ddf-d062-40be-8d7f-0d0c5463971e,54fea194-4220-40ff-83dd-00c5a946dc25,2025-05-08 11:42:24,54fea194-4220-40ff-83dd-00c5a946dc25,2025-05-08 11:42:24,900ab793-1e13-4345-b175-57c949834b87,54fea194-4220-40ff-83dd-00c5a946dc25
60a72ae5-143a-4d76-b65e-174ab55c3c03,69d57426-fa6a-4047-8f7e-7be94ad8b914,2023-06-21 09:17:09,69d57426-fa6a-4047-8f7e-7be94ad8b914,2023-06-21 09:17:09,900ab793-1e13-4345-b175-57c949834b87,69d57426-fa6a-4047-8f7e-7be94ad8b914
60ade323-794a-4491-bd75-746a6d633461,4a76db61-9675-4b88-9d44-86fef85ef598,2023-01-24 11:24:21,4a76db61-9675-4b88-9d44-86fef85ef598,2023-01-24 11:24:21,900ab793-1e13-4345-b175-57c949834b87,4a76db61-9675-4b88-9d44-86fef85ef598
618f18f7-03ab-41cc-b090-2b5324eb6e98,1503c3a1-125e-4b5c-8b35-77efe2c66dad,2023-06-20 09:11:00,1503c3a1-125e-4b5c-8b35-77efe2c66dad,2023-06-20 09:11:00,900ab793-1e13-4345-b175-57c949834b87,1503c3a1-125e-4b5c-8b35-77efe2c66dad
632f408d-9db2-4708-9af9-a3ad42cc3134,e5fc3961-c5e5-4eb0-ba57-f3035dd88986,2023-06-19 10:55:43,e5fc3961-c5e5-4eb0-ba57-f3035dd88986,2023-06-19 10:55:43,900ab793-1e13-4345-b175-57c949834b87,e5fc3961-c5e5-4eb0-ba57-f3035dd88986
64223a5a-e39f-4d86-aa7d-428c14b0a2bb,3eea92fd-501e-4c1c-8699-886ebb101a94,2023-06-23 12:33:36,3eea92fd-501e-4c1c-8699-886ebb101a94,2023-06-23 12:33:36,900ab793-1e13-4345-b175-57c949834b87,3eea92fd-501e-4c1c-8699-886ebb101a94
646691c0-8a1e-4c3a-869c-c9aceacdd56b,421c0d2a-695b-4284-a959-2272bb62c99d,2023-08-04 12:47:27,421c0d2a-695b-4284-a959-2272bb62c99d,2023-08-04 12:47:27,900ab793-1e13-4345-b175-57c949834b87,421c0d2a-695b-4284-a959-2272bb62c99d
665b69a1-3b2e-40f9-9587-e9c72a5877d8,51489176-6528-4845-992d-596b0d2b0138,2025-04-18 04:16:35,51489176-6528-4845-992d-596b0d2b0138,2025-04-18 04:16:35,02242201-18e4-4cb9-a7ae-7512fef6c9c2,51489176-6528-4845-992d-596b0d2b0138
69d3bbef-eb76-411f-aadc-4b7fbef7cb6d,e3ba1904-38ab-4c48-a4cb-04d3ec3b1475,2023-06-21 11:00:35,e3ba1904-38ab-4c48-a4cb-04d3ec3b1475,2023-06-21 11:00:35,900ab793-1e13-4345-b175-57c949834b87,e3ba1904-38ab-4c48-a4cb-04d3ec3b1475
69e4f10d-1dd7-4aa9-88cc-e4380309d3f0,44dc3edf-9925-4667-ad39-0f49147db159,2023-08-07 05:35:55,44dc3edf-9925-4667-ad39-0f49147db159,2023-08-07 05:35:55,900ab793-1e13-4345-b175-57c949834b87,44dc3edf-9925-4667-ad39-0f49147db159
6b0a5c73-c2db-4609-b17b-7de2d5ffc53c,e6eb2e74-10ee-4444-99d3-9375846fd6f2,2023-06-23 07:06:45,e6eb2e74-10ee-4444-99d3-9375846fd6f2,2023-06-23 07:06:45,900ab793-1e13-4345-b175-57c949834b87,e6eb2e74-10ee-4444-99d3-9375846fd6f2
6b9668a2-9c03-4b2a-bd33-6fe32dceb5b4,d647c04e-d932-47ca-bd93-32968c74af3f,2024-04-16 06:25:01,d647c04e-d932-47ca-bd93-32968c74af3f,2024-04-16 06:25:01,900ab793-1e13-4345-b175-57c949834b87,d647c04e-d932-47ca-bd93-32968c74af3f
7061f28b-a094-4012-b718-d94582a197fa,7803a2bd-a0a8-4b83-b1f5-3dc5e2ec6204,2024-08-23 10:19:40,7803a2bd-a0a8-4b83-b1f5-3dc5e2ec6204,2024-08-23 10:19:40,900ab793-1e13-4345-b175-57c949834b87,7803a2bd-a0a8-4b83-b1f5-3dc5e2ec6204
7303a99f-87db-4a2c-849b-7c4f5a5736ba,86a9e02d-cc96-475a-a20d-1b769aadb5cc,2023-06-23 08:54:49,86a9e02d-cc96-475a-a20d-1b769aadb5cc,2023-06-23 08:54:49,900ab793-1e13-4345-b175-57c949834b87,86a9e02d-cc96-475a-a20d-1b769aadb5cc
74651ad4-5e6d-4e1d-9af1-81f210b87cc1,793401fb-9689-4b33-85b1-7716037d88b3,2023-03-11 14:02:51,793401fb-9689-4b33-85b1-7716037d88b3,2023-03-11 14:02:51,900ab793-1e13-4345-b175-57c949834b87,793401fb-9689-4b33-85b1-7716037d88b3
7488c6b2-814e-4fbd-9205-e31d167ec37f,d93d060b-0c9e-4845-9b12-1793bb3ee2d7,2025-04-15 07:20:39,d93d060b-0c9e-4845-9b12-1793bb3ee2d7,2025-04-15 07:20:39,900ab793-1e13-4345-b175-57c949834b87,d93d060b-0c9e-4845-9b12-1793bb3ee2d7
758ae7f5-635a-45b2-8b93-df2d8d8fd1ce,6e90a848-b786-49e5-993f-a15ada543fed,2024-04-16 06:53:49,6e90a848-b786-49e5-993f-a15ada543fed,2024-04-16 06:53:49,900ab793-1e13-4345-b175-57c949834b87,6e90a848-b786-49e5-993f-a15ada543fed
75e0ba53-8092-471f-85cc-3df6b2cdf291,c7d1b8ab-586f-4946-bc5e-dabd14653380,2024-04-16 05:18:14,c7d1b8ab-586f-4946-bc5e-dabd14653380,2024-04-16 05:18:14,900ab793-1e13-4345-b175-57c949834b87,c7d1b8ab-586f-4946-bc5e-dabd14653380
76fdb7fe-96e8-4fa2-b96f-08bcc43888c3,2288c7cb-97ed-4ed8-ab07-019a3b6d2055,2023-06-20 13:20:20,2288c7cb-97ed-4ed8-ab07-019a3b6d2055,2023-06-20 13:20:20,900ab793-1e13-4345-b175-57c949834b87,2288c7cb-97ed-4ed8-ab07-019a3b6d2055
77bf6121-f8f4-41c2-a78f-8cc93ac8b0a3,a9cdb82c-b86e-4d75-bbef-bf91051725f6,2023-03-11 13:55:28,a9cdb82c-b86e-4d75-bbef-bf91051725f6,2023-03-11 13:55:28,900ab793-1e13-4345-b175-57c949834b87,a9cdb82c-b86e-4d75-bbef-bf91051725f6
792bc096-512b-4b75-b312-990993862a0b,28f240aa-879b-4c51-bc99-999232ffdde4,2023-05-19 12:23:12,28f240aa-879b-4c51-bc99-999232ffdde4,2023-05-19 12:23:12,900ab793-1e13-4345-b175-57c949834b87,28f240aa-879b-4c51-bc99-999232ffdde4
7b493d4f-c396-4f0e-b8d8-c824e4059f89,93c8b7a2-7207-42b3-a4f1-9bde74c67a6b,2023-03-11 12:50:20,93c8b7a2-7207-42b3-a4f1-9bde74c67a6b,2023-03-11 12:50:20,900ab793-1e13-4345-b175-57c949834b87,93c8b7a2-7207-42b3-a4f1-9bde74c67a6b
7d51de2d-621a-41f1-ac47-1a03dbc4992f,a877c83c-637c-4b7b-8e74-6705e8ca084d,2024-02-12 10:50:46,a877c83c-637c-4b7b-8e74-6705e8ca084d,2024-02-12 10:50:46,900ab793-1e13-4345-b175-57c949834b87,a877c83c-637c-4b7b-8e74-6705e8ca084d
7e987348-1445-40d2-8172-0bc23aa8034e,f0433b89-d3bd-4124-abe0-99b7ab463faa,2024-07-05 05:20:52,f0433b89-d3bd-4124-abe0-99b7ab463faa,2024-07-05 05:20:52,900ab793-1e13-4345-b175-57c949834b87,f0433b89-d3bd-4124-abe0-99b7ab463faa
858e1daa-2ca2-4ed2-b032-95877c62fb33,bde72465-7dc6-42f9-91f1-85e3068471fe,2023-06-20 05:46:03,bde72465-7dc6-42f9-91f1-85e3068471fe,2023-06-20 05:46:03,900ab793-1e13-4345-b175-57c949834b87,bde72465-7dc6-42f9-91f1-85e3068471fe
85be0e27-65ed-4a8a-a25b-0c29c07adac2,31bd0005-6d69-4951-9830-e9f4780d8816,2025-04-17 04:39:08,31bd0005-6d69-4951-9830-e9f4780d8816,2025-04-17 04:39:08,900ab793-1e13-4345-b175-57c949834b87,31bd0005-6d69-4951-9830-e9f4780d8816
88414bac-f335-43c0-8be9-91d72fff6720,ac4c78d5-b4bb-4716-81cc-227f15e48107,2023-06-29 12:22:43,ac4c78d5-b4bb-4716-81cc-227f15e48107,2023-06-29 12:22:43,900ab793-1e13-4345-b175-57c949834b87,ac4c78d5-b4bb-4716-81cc-227f15e48107
8a6c4071-cf30-45a1-9a8a-d7eb1bbf063c,9dd3089f-33ce-4750-ab7c-e4ce091e36e7,2023-06-19 11:23:23,9dd3089f-33ce-4750-ab7c-e4ce091e36e7,2023-06-19 11:23:23,900ab793-1e13-4345-b175-57c949834b87,9dd3089f-33ce-4750-ab7c-e4ce091e36e7
8acc745f-e9f5-4281-a825-0ff0822cbceb,e31e05fc-eb88-49b9-b90f-769d64adf498,2024-04-09 05:24:02,e31e05fc-eb88-49b9-b90f-769d64adf498,2024-04-09 05:24:02,900ab793-1e13-4345-b175-57c949834b87,e31e05fc-eb88-49b9-b90f-769d64adf498
8bd6606b-1d0e-43ae-bda0-dcaba9945c21,9dd3089f-33ce-4750-ab7c-e4ce091e36e7,2023-06-19 11:23:23,9dd3089f-33ce-4750-ab7c-e4ce091e36e7,2023-06-19 11:23:23,900ab793-1e13-4345-b175-57c949834b87,9dd3089f-33ce-4750-ab7c-e4ce091e36e7
8ee5aab4-f5be-4bdb-a72a-bbb6f600982d,9e11456c-f0f6-48c7-9cbf-6f4447379727,2025-05-08 10:08:33,9e11456c-f0f6-48c7-9cbf-6f4447379727,2025-05-08 10:08:33,900ab793-1e13-4345-b175-57c949834b87,9e11456c-f0f6-48c7-9cbf-6f4447379727
8f9df903-f1d8-40a5-a291-f736ca351854,159430f6-743d-4d53-b3fb-0a18f95a7f2e,2024-08-22 11:39:23,159430f6-743d-4d53-b3fb-0a18f95a7f2e,2024-08-22 11:39:23,900ab793-1e13-4345-b175-57c949834b87,159430f6-743d-4d53-b3fb-0a18f95a7f2e
904f2077-d849-468a-ab8d-a61a254d8b21,b098a9f6-2293-4877-8e0d-5d0d1d36c4c1,2024-04-16 07:17:05,b098a9f6-2293-4877-8e0d-5d0d1d36c4c1,2024-04-16 07:17:05,900ab793-1e13-4345-b175-57c949834b87,b098a9f6-2293-4877-8e0d-5d0d1d36c4c1
90d26dac-e815-4eb3-a2e7-fe983f31cbe6,616f3e11-2d3c-4d37-b824-959d521eefae,2023-06-20 09:15:30,616f3e11-2d3c-4d37-b824-959d521eefae,2023-06-20 09:15:30,900ab793-1e13-4345-b175-57c949834b87,616f3e11-2d3c-4d37-b824-959d521eefae
99495c54-2bd5-45d5-a219-888ec96d8ada,22085403-2511-4edd-afaa-ae4d63e220c2,2024-02-29 13:08:06,22085403-2511-4edd-afaa-ae4d63e220c2,2024-02-29 13:08:06,900ab793-1e13-4345-b175-57c949834b87,22085403-2511-4edd-afaa-ae4d63e220c2
994b47c4-2079-4d91-ae70-e6ac5b273ac0,5d9eb1e1-d462-4d81-9ba8-1460b03cc2d9,2024-07-10 06:53:08,5d9eb1e1-d462-4d81-9ba8-1460b03cc2d9,2024-07-10 06:53:08,900ab793-1e13-4345-b175-57c949834b87,5d9eb1e1-d462-4d81-9ba8-1460b03cc2d9
9b38f2d4-1d49-4802-a34e-c7b9baf5af48,e71f2203-3ae0-4909-b1ab-7e3469204ef5,2024-07-03 09:24:14,e71f2203-3ae0-4909-b1ab-7e3469204ef5,2024-07-03 09:24:14,900ab793-1e13-4345-b175-57c949834b87,e71f2203-3ae0-4909-b1ab-7e3469204ef5
a065011c-48bb-4813-934a-d45e5e688368,576d1b54-46b2-4e89-a5c0-ca78d44ca238,2024-07-04 07:11:38,576d1b54-46b2-4e89-a5c0-ca78d44ca238,2024-07-04 07:11:38,900ab793-1e13-4345-b175-57c949834b87,576d1b54-46b2-4e89-a5c0-ca78d44ca238
a7e3b4c1-a52b-4640-b6d8-d3eddd40cb0b,bfe202b0-5788-4e8f-a305-b5faa2924e5f,2024-04-09 05:30:18,bfe202b0-5788-4e8f-a305-b5faa2924e5f,2024-04-09 05:30:18,900ab793-1e13-4345-b175-57c949834b87,bfe202b0-5788-4e8f-a305-b5faa2924e5f
a8dd6fc7-7af7-4437-a5c7-bcfd452891f4,00396ad8-b0f1-481e-bdcc-016bf5344ac2,2025-04-28 11:08:58,00396ad8-b0f1-481e-bdcc-016bf5344ac2,2025-04-28 11:08:58,900ab793-1e13-4345-b175-57c949834b87,00396ad8-b0f1-481e-bdcc-016bf5344ac2
a934e714-5e46-47b2-afb6-777bf7c59324,e840ef5d-2d1f-49e1-89b6-56a328cf9708,2024-08-23 08:49:08,e840ef5d-2d1f-49e1-89b6-56a328cf9708,2024-08-23 08:49:08,900ab793-1e13-4345-b175-57c949834b87,e840ef5d-2d1f-49e1-89b6-56a328cf9708
a9eec47c-9f7b-491e-9bce-d642d304762e,4aabe1f6-d219-4523-aa69-3dbdcbd99f01,2023-05-18 07:12:27,4aabe1f6-d219-4523-aa69-3dbdcbd99f01,2023-05-18 07:12:27,900ab793-1e13-4345-b175-57c949834b87,4aabe1f6-d219-4523-aa69-3dbdcbd99f01
aa2b2163-73a9-459d-b8b0-927f892d4336,8d250d37-5fe6-4b9c-b0cd-10fc41594c05,2025-04-16 07:16:36,8d250d37-5fe6-4b9c-b0cd-10fc41594c05,2025-04-16 07:16:36,900ab793-1e13-4345-b175-57c949834b87,8d250d37-5fe6-4b9c-b0cd-10fc41594c05
ad810e6e-3894-41b3-bd4d-710bcbca3259,57f33b10-c651-47dc-90cd-d106e42d901f,2024-06-26 05:07:26,57f33b10-c651-47dc-90cd-d106e42d901f,2024-06-26 05:07:26,900ab793-1e13-4345-b175-57c949834b87,57f33b10-c651-47dc-90cd-d106e42d901f
ae0a6e20-0d23-41a0-a70c-594499082aa8,ec0770dd-193f-41fc-b872-61b86530a4e8,2024-08-23 10:21:58,ec0770dd-193f-41fc-b872-61b86530a4e8,2024-08-23 10:21:58,900ab793-1e13-4345-b175-57c949834b87,ec0770dd-193f-41fc-b872-61b86530a4e8
b255b61b-ad11-416b-9178-9ff6eae82818,ec9f462b-190f-40c8-b7dc-99e38aa00bd0,2024-04-16 09:05:59,ec9f462b-190f-40c8-b7dc-99e38aa00bd0,2024-04-16 09:05:59,900ab793-1e13-4345-b175-57c949834b87,ec9f462b-190f-40c8-b7dc-99e38aa00bd0
b4239e2c-e84a-4428-a690-fb00737ef0b4,a67a5cbd-c05f-40d6-b194-acad31f5ee97,2024-07-10 10:52:03,a67a5cbd-c05f-40d6-b194-acad31f5ee97,2024-07-10 10:52:03,900ab793-1e13-4345-b175-57c949834b87,a67a5cbd-c05f-40d6-b194-acad31f5ee97
b63f6a4c-1068-4f5d-a0d6-5f656956f571,841c9493-e838-4a15-abd9-0a2353e083b6,2023-06-20 09:39:37,841c9493-e838-4a15-abd9-0a2353e083b6,2023-06-20 09:39:37,900ab793-1e13-4345-b175-57c949834b87,841c9493-e838-4a15-abd9-0a2353e083b6
b87ae15f-a23c-452a-8049-0d755b626f7c,a832db07-99dd-486b-af86-583a26c2c256,2023-06-21 13:09:04,a832db07-99dd-486b-af86-583a26c2c256,2023-06-21 13:09:04,900ab793-1e13-4345-b175-57c949834b87,a832db07-99dd-486b-af86-583a26c2c256
b8b25112-523f-4741-a99d-68f10856c6a1,67ef48a7-3430-4c29-873e-75cee189c472,2024-07-17 11:32:18,67ef48a7-3430-4c29-873e-75cee189c472,2024-07-17 11:32:18,900ab793-1e13-4345-b175-57c949834b87,67ef48a7-3430-4c29-873e-75cee189c472
baabd035-d1be-440e-a47e-eca61c3aae12,dd272510-abea-4d7c-989b-4bce3091cca2,2023-08-24 05:31:12,dd272510-abea-4d7c-989b-4bce3091cca2,2023-08-24 05:31:12,900ab793-1e13-4345-b175-57c949834b87,dd272510-abea-4d7c-989b-4bce3091cca2
be4116cc-aff3-45ae-87a7-599c4ec044b9,4c7205b4-377e-4480-aec6-6559c1090245,2024-04-16 05:49:40,4c7205b4-377e-4480-aec6-6559c1090245,2024-04-16 05:49:40,900ab793-1e13-4345-b175-57c949834b87,4c7205b4-377e-4480-aec6-6559c1090245
c04d8ad8-0377-4414-8c6e-1a94d3fb20ad,1961e894-75d4-475f-9d93-58d694ab20f8,2024-04-16 08:55:33,1961e894-75d4-475f-9d93-58d694ab20f8,2024-04-16 08:55:33,900ab793-1e13-4345-b175-57c949834b87,1961e894-75d4-475f-9d93-58d694ab20f8
c7a71acd-3c98-4774-8d9d-0828dd798259,26e19359-873c-4682-a6ea-d1ee6b81aa5e,2023-06-20 07:27:12,26e19359-873c-4682-a6ea-d1ee6b81aa5e,2023-06-20 07:27:12,900ab793-1e13-4345-b175-57c949834b87,26e19359-873c-4682-a6ea-d1ee6b81aa5e
ca02b6d6-094b-4c24-bad9-09f62fc0e9db,0e356ee3-86ca-427e-a5e7-4da7ae336123,2024-06-27 06:42:59,0e356ee3-86ca-427e-a5e7-4da7ae336123,2024-06-27 06:42:59,900ab793-1e13-4345-b175-57c949834b87,0e356ee3-86ca-427e-a5e7-4da7ae336123
cbe10676-ee56-4eb9-a268-2e94127649f3,4f452082-aa25-4dfa-a6e4-d46e2f396a36,2023-06-23 13:39:33,4f452082-aa25-4dfa-a6e4-d46e2f396a36,2023-06-23 13:39:33,900ab793-1e13-4345-b175-57c949834b87,4f452082-aa25-4dfa-a6e4-d46e2f396a36
cd53e464-b574-4995-b455-18f1e0f58be4,System,2023-06-20 13:57:46,System,2023-06-20 13:57:46,900ab793-1e13-4345-b175-57c949834b87,03
d0b3a3a4-63cc-4acd-ad9c-96882e885ec1,2d6a742d-88d1-463c-a891-1bef88064bde,2023-06-20 05:28:45,2d6a742d-88d1-463c-a891-1bef88064bde,2023-06-20 05:28:45,900ab793-1e13-4345-b175-57c949834b87,2d6a742d-88d1-463c-a891-1bef88064bde
d12009b3-2033-4f07-b294-3846e46ad84f,4ff1f163-f4e9-4cbe-841b-0395e1658396,2023-08-21 06:45:37,4ff1f163-f4e9-4cbe-841b-0395e1658396,2023-08-21 06:45:37,900ab793-1e13-4345-b175-57c949834b87,4ff1f163-f4e9-4cbe-841b-0395e1658396
d5684b18-98d6-4545-a790-0f3c1d1345b9,992f7c4a-eff6-4332-b7ee-976cb5963a97,2023-07-12 13:59:10,992f7c4a-eff6-4332-b7ee-976cb5963a97,2023-07-12 13:59:10,900ab793-1e13-4345-b175-57c949834b87,992f7c4a-eff6-4332-b7ee-976cb5963a97
d9cf5e92-d49e-4318-995c-5530c3ff4b5e,019219c6-7e8a-409d-afe4-bb4c17b97829,2023-06-21 08:56:10,019219c6-7e8a-409d-afe4-bb4c17b97829,2023-06-21 08:56:10,900ab793-1e13-4345-b175-57c949834b87,019219c6-7e8a-409d-afe4-bb4c17b97829
db6e6d08-2535-47e4-a932-6783e3680c07,afec7c30-aba6-47b6-b5b6-e98f07f34f82,2025-04-17 05:03:02,afec7c30-aba6-47b6-b5b6-e98f07f34f82,2025-04-17 05:03:02,900ab793-1e13-4345-b175-57c949834b87,afec7c30-aba6-47b6-b5b6-e98f07f34f82
dc926800-288f-45f9-872e-d2d22ae12ad3,b620ff42-4844-4443-be24-3e72f1e9dd32,2025-04-17 10:27:46,b620ff42-4844-4443-be24-3e72f1e9dd32,2025-04-17 10:27:46,900ab793-1e13-4345-b175-57c949834b87,b620ff42-4844-4443-be24-3e72f1e9dd32
e05d1624-b08e-4485-ad3a-4fe11be45ec5,cc168fcf-1075-46cf-bdb0-68d9f701e789,2023-06-19 13:47:27,cc168fcf-1075-46cf-bdb0-68d9f701e789,2023-06-19 13:47:27,900ab793-1e13-4345-b175-57c949834b87,cc168fcf-1075-46cf-bdb0-68d9f701e789
e17a9dfd-dc9b-44e0-97d4-d363852d39d5,4d1a2081-7e93-495a-a028-5fe347634c7d,2023-06-20 11:06:55,4d1a2081-7e93-495a-a028-5fe347634c7d,2023-06-20 11:06:55,900ab793-1e13-4345-b175-57c949834b87,4d1a2081-7e93-495a-a028-5fe347634c7d
e29de038-74ce-4fc2-8a04-6abf7ddacca7,2627cdcd-97e4-4cba-86b5-c5f497eab629,2023-06-23 11:48:38,2627cdcd-97e4-4cba-86b5-c5f497eab629,2023-06-23 11:48:38,900ab793-1e13-4345-b175-57c949834b87,2627cdcd-97e4-4cba-86b5-c5f497eab629
e75b064c-eb46-4d88-868e-5763616dd98c,70bb984c-070c-4f31-83bf-141b469cacf2,2024-02-19 12:56:10,70bb984c-070c-4f31-83bf-141b469cacf2,2024-02-19 12:56:10,900ab793-1e13-4345-b175-57c949834b87,70bb984c-070c-4f31-83bf-141b469cacf2
ea157285-bd4b-41f6-b5e0-9bc91b7558dd,24bccd07-e5db-4d55-8d52-eb60defe09f6,2024-04-16 09:30:56,24bccd07-e5db-4d55-8d52-eb60defe09f6,2024-04-16 09:30:56,900ab793-1e13-4345-b175-57c949834b87,24bccd07-e5db-4d55-8d52-eb60defe09f6
eddac961-a8d3-4e7e-ba6e-d53f2a584f10,796875e1-5d06-4917-b346-f0e494793386,2023-06-19 10:58:11,796875e1-5d06-4917-b346-f0e494793386,2023-06-19 10:58:11,900ab793-1e13-4345-b175-57c949834b87,796875e1-5d06-4917-b346-f0e494793386
f21a4dbc-015c-463a-9ca0-943445e83a50,a64eb8b9-796b-462f-a980-0f2ab17dc25a,2023-06-21 07:29:54,a64eb8b9-796b-462f-a980-0f2ab17dc25a,2023-06-21 07:29:54,900ab793-1e13-4345-b175-57c949834b87,a64eb8b9-796b-462f-a980-0f2ab17dc25a
f2469c97-f163-4110-b2b4-b26dfb55677d,4686434e-e344-4003-a743-9420111428b6,2023-07-12 13:56:34,4686434e-e344-4003-a743-9420111428b6,2023-07-12 13:56:34,900ab793-1e13-4345-b175-57c949834b87,4686434e-e344-4003-a743-9420111428b6
f2472a79-c785-46a6-87a8-8286f23d7265,cdcebaae-d840-4378-9f18-ea917e497677,2023-11-10 11:09:29,cdcebaae-d840-4378-9f18-ea917e497677,2023-11-10 11:09:29,900ab793-1e13-4345-b175-57c949834b87,cdcebaae-d840-4378-9f18-ea917e497677
f28e4151-c497-4768-bd3c-6bc39c7d3e86,c895f984-4a3e-4bef-9f8d-73a6159ab704,2023-03-11 14:17:39,c895f984-4a3e-4bef-9f8d-73a6159ab704,2023-03-11 14:17:39,900ab793-1e13-4345-b175-57c949834b87,c895f984-4a3e-4bef-9f8d-73a6159ab704
f29a9dc4-b21a-496a-87fc-e7acf8dd0a4b,44915c19-af43-4341-a5d6-c8dda2695585,2023-11-23 11:03:59,44915c19-af43-4341-a5d6-c8dda2695585,2023-11-23 11:03:59,900ab793-1e13-4345-b175-57c949834b87,44915c19-af43-4341-a5d6-c8dda2695585
f2e2e7b6-f390-4396-a085-59d203872f4b,82916de5-02c0-462b-9410-9160d499f593,2024-04-16 06:16:16,82916de5-02c0-462b-9410-9160d499f593,2024-04-16 06:16:16,900ab793-1e13-4345-b175-57c949834b87,82916de5-02c0-462b-9410-9160d499f593
f4172485-63ae-4804-a676-bc1d43e85bbb,9dd3089f-33ce-4750-ab7c-e4ce091e36e7,2023-06-19 11:23:23,9dd3089f-33ce-4750-ab7c-e4ce091e36e7,2023-06-19 11:23:23,900ab793-1e13-4345-b175-57c949834b87,9dd3089f-33ce-4750-ab7c-e4ce091e36e7
f5c49dce-d429-42db-8766-dceca6c8f958,5bed0d5c-89d2-4620-ae35-d1ad88024066,2024-04-16 06:03:11,5bed0d5c-89d2-4620-ae35-d1ad88024066,2024-04-16 06:03:11,900ab793-1e13-4345-b175-57c949834b87,5bed0d5c-89d2-4620-ae35-d1ad88024066
f5d83c30-86f2-409e-ae8b-8fe631f067a5,225f0fcb-938d-4cb2-a61f-02565cd25cd0,2024-06-26 10:32:39,225f0fcb-938d-4cb2-a61f-02565cd25cd0,2024-06-26 10:32:39,900ab793-1e13-4345-b175-57c949834b87,225f0fcb-938d-4cb2-a61f-02565cd25cd0
f8e5573f-a73c-4438-9358-234e7c2756b9,a13a1830-58bf-4a45-bfd0-f7659fce33a9,2023-06-20 08:44:15,a13a1830-58bf-4a45-bfd0-f7659fce33a9,2023-06-20 08:44:15,900ab793-1e13-4345-b175-57c949834b87,a13a1830-58bf-4a45-bfd0-f7659fce33a9
fa4ebf11-8f58-4d65-907e-19dc0a5631bd,b1bdfb9b-339d-439e-bfa0-b985fcbe92c1,2023-06-19 11:43:38,b1bdfb9b-339d-439e-bfa0-b985fcbe92c1,2023-06-19 11:43:38,900ab793-1e13-4345-b175-57c949834b87,b1bdfb9b-339d-439e-bfa0-b985fcbe92c1
fb77ef12-ceb9-44b4-902c-84a94e147357,4dedd1ce-aa36-4249-9672-9351a04b40ce,2023-06-20 06:05:23,4dedd1ce-aa36-4249-9672-9351a04b40ce,2023-06-20 06:05:23,900ab793-1e13-4345-b175-57c949834b87,4dedd1ce-aa36-4249-9672-9351a04b40ce
fc7975c1-e2fc-400a-857d-c46d4f60dc3a,7d49d132-b020-401a-ba47-5d7747d84101,2024-08-23 10:16:32,7d49d132-b020-401a-ba47-5d7747d84101,2024-08-23 10:16:32,900ab793-1e13-4345-b175-57c949834b87,7d49d132-b020-401a-ba47-5d7747d84101
fd28a026-dea6-419d-ab05-202012626f72,ed07f8e5-dfc6-4888-a094-a7c35628c468,2023-06-20 05:15:13,ed07f8e5-dfc6-4888-a094-a7c35628c468,2023-06-20 05:15:13,900ab793-1e13-4345-b175-57c949834b87,ed07f8e5-dfc6-4888-a094-a7c35628c468
fe91d724-3f37-4e8a-8787-d9c3f281e306,c9a92ec3-4ed8-4db2-b186-cb54e9864a29,2024-06-21 10:52:24,c9a92ec3-4ed8-4db2-b186-cb54e9864a29,2024-06-21 10:52:24,900ab793-1e13-4345-b175-57c949834b87,c9a92ec3-4ed8-4db2-b186-cb54e9864a29
feabd100-469c-4c6e-9552-b35e329b4606,d6cfc7c4-bf9a-4b8f-a862-fd3a5f922eb2,2024-01-17 05:12:43,d6cfc7c4-bf9a-4b8f-a862-fd3a5f922eb2,2024-01-17 05:12:43,900ab793-1e13-4345-b175-57c949834b87,d6cfc7c4-bf9a-4b8f-a862-fd3a5f922eb2
